Country Code,Indicator Name,1970,1971,1972,1973,1974,1975,1976,1977,1978,1979,1980,1981,1982,1983,1984,1985,1986,1987,1988,1989,1990,1991,1992,1993,1994,1995,1996,1997,1998,1999,2000,2001,2002,2003,2004,2005,2006,2007,2008,2009,2010,2011,2012,2013,2014,2015,2016
ABW,"Enrolment in tertiary education, all programmes, both sexes (number)",,,,,,,,,,,,,,,,,,,,,,,,,,,,,,1446.0,1578.0,1628.0,1592.0,1672.0,1704.0,2106.0,2094.0,2232.0,2242.0,2196.0,2330.0,2504.0,2621.0,1181.0,1235.0,1166.0,
AFG,"Enrolment in tertiary education, all programmes, both sexes (number)",7732.0,9409.0,9817.0,11487.0,10956.0,12256.0,14214.0,16147.0,21118.0,22974.0,,,19652.0,,,,22306.0,17509.0,,,24333.0,,,,,,,,,,,,,26211.0,27648.0,,,,,95185.0,,97504.0,,,262874.0,,
AGO,"Enrolment in tertiary education, all programmes, both sexes (number)",,,,,,,,,,,,,,,,,,,5872.0,5845.0,6281.0,6534.0,6331.0,,,,,,8337.0,7845.0,,,12566.0,48184.0,37547.0,48184.0,48694.0,,,,,142798.0,,218679.0,,221037.0,
ALB,"Enrolment in tertiary education, all programmes, both sexes (number)",,25469.0,28668.0,,,,,,14695.0,,,14568.0,,17500.0,19670.0,21285.0,21995.0,22403.0,23784.0,25201.0,25964.0,27461.0,28001.0,32684.0,30185.0,28331.0,30086.0,34257.0,35902.0,38502.0,40125.0,40859.0,42160.0,43600.0,53014.0,63257.0,74747.0,86863.0,90606.0,93139.0,122326.0,134877.0,160839.0,173029.0,173819.0,160527.0,
AND,"Enrolment in tertiary education, all programmes, both sexes (number)",,,,,,,,,,,,,,,,,,,,,,,,,,,,,,,,,267.0,306.0,331.0,342.0,401.0,,459.0,,,,491.0,538.0,498.0,501.0,
ARB,"Enrolment in tertiary education, all programmes, both sexes (number)",706416.125,733981.25,794759.0,871347.3125,957383.125,1066646.75,1197475.875,1333201.625,1440257.75,1487790.5,1588082.25,1729881.25,1847537.875,1933624.875,2040195.0,2094487.875,2210149.5,2278929.0,2346838.25,2337249.75,2406849.75,2391953.25,2568057.0,2817956.5,3019343.25,3294607.75,3628683.25,4001958.5,4365277.5,4875952.5,5089853.5,5400639.0,5798696.5,5955514.0,6465715.0,6899156.0,7214648.0,7588664.0,8006891.5,8382284.5,8715273.0,8594488.0,9147083.0,9688632.0,9966484.0,,
ARE,"Enrolment in tertiary education, all programmes, both sexes (number)",,,,,,,,,519.0,1015.0,1582.0,2861.0,3407.0,4408.0,5780.0,6856.0,7772.0,8192.0,8478.0,7655.0,8491.0,10196.0,10405.0,10641.0,,,,,,,,,,,,,,80296.0,83985.0,92668.0,101906.0,113648.0,121626.0,132709.0,143060.0,156613.0,
ARG,"Enrolment in tertiary education, all programmes, both sexes (number)",274634.0,321782.0,351287.0,423824.0,497727.0,596736.0,601395.0,536450.0,477725.0,498928.0,491473.0,527596.0,550556.0,580626.0,677535.0,846145.0,902882.0,958542.0,,,,1008231.0,,,1069617.0,,,,1526515.0,1600882.0,1766933.0,1918708.0,2026735.0,2101437.0,2116876.0,2082577.0,2202032.0,2208291.0,2287874.0,2387049.0,2520985.0,2660514.0,2726557.0,2768211.0,2869450.0,,
ARM,"Enrolment in tertiary education, all programmes, both sexes (number)",,,,,,,,,,,,,,,,,55871.0,,55700.0,58959.0,65300.0,69470.0,67019.0,58729.0,47203.0,45983.0,40326.0,54818.0,82776.0,89261.0,92914.0,90417.0,99761.0,104891.0,108750.0,115475.0,127499.0,135725.0,141407.0,146224.0,146125.0,141455.0,121265.0,115207.0,113090.0,107665.0,
ASM,"Enrolment in tertiary education, all programmes, both sexes (number)",,0.0,632.0,848.0,909.0,833.0,689.0,836.0,1114.0,860.0,856.0,976.0,987.0,1007.0,967.0,871.0,758.0,900.0,897.0,909.0,,,,,,,,,,,,,,,,,,1607.0,,,,,,,,,
ATG,"Enrolment in tertiary education, all programmes, both sexes (number)",,,,,,,,,,,,,,,,,,,,,,,,,,,,,,,,,,,,,,,,1037.0,1170.0,1068.0,1792.0,,,,
AUS,"Enrolment in tertiary education, all programmes, both sexes (number)",179664.0,193532.0,208149.0,223855.0,252972.0,274738.0,289701.0,300030.0,309783.0,317496.0,323716.0,334030.0,337953.0,349243.0,358498.0,370048.0,390706.0,393734.0,420845.0,441076.0,485075.0,534530.0,559365.0,922699.0,932969.0,964998.0,1002476.0,1041648.0,869172.0,845636.0,845132.0,868689.0,1012210.0,1005977.0,1002998.0,1024589.0,1040153.0,1083715.0,1117804.0,1199845.0,1276488.0,1324257.0,1364203.0,1390478.0,1453521.0,,
AUT,"Enrolment in tertiary education, all programmes, both sexes (number)",,59778.0,66401.0,73467.0,78787.0,84101.0,96736.0,104525.0,110948.0,118672.0,127746.0,136774.0,140720.0,146351.0,154126.0,165313.0,173215.0,179909.0,188192.0,192700.0,199845.0,205767.0,216529.0,221389.0,227444.0,233989.0,238981.0,240632.0,247498.0,252893.0,261229.0,264669.0,223735.0,229802.0,238522.0,244410.0,253139.0,260975.0,284791.0,308150.0,350187.0,361797.0,376498.0,422778.21875,421224.8125,425971.6875,
AZE,"Enrolment in tertiary education, all programmes, both sexes (number)",,,,,,,,,,,,186024.0,,,,,182145.0,,177600.0,166400.0,160900.0,163901.0,168054.0,147909.0,128242.0,120870.0,118105.0,115116.0,,,,,,,,,181293.0,181937.0,180298.0,180276.0,180727.0,181057.0,184834.0,187590.0,195401.0,204152.0,
BDI,"Enrolment in tertiary education, all programmes, both sexes (number)",,466.0,490.0,482.0,744.0,802.0,1002.0,,,1716.0,1784.0,1879.0,2068.0,,2411.0,2521.0,2783.0,2731.0,3266.0,3308.0,3172.0,3592.0,3830.0,4256.0,,,,,4415.0,5037.0,6132.0,6289.0,10546.0,,15706.0,16915.0,17953.0,19296.0,21856.0,24290.0,29269.0,28595.0,36766.0,44887.0,51225.0,,
BEL,"Enrolment in tertiary education, all programmes, both sexes (number)",,124857.0,127275.0,141002.0,148628.0,152129.0,,,187382.0,200136.0,198745.0,196153.0,213281.0,219591.0,226890.0,245762.0,247499.0,252236.0,254329.0,260608.0,271007.0,276248.0,,307130.0,322364.0,352630.0,358214.0,,,351788.0,355748.0,359265.0,366982.0,374532.0,386110.0,389547.0,394427.0,393687.0,401652.0,425219.0,445309.0,462419.0,477712.0,488488.0,495910.0,504745.0,
BEN,"Enrolment in tertiary education, all programmes, both sexes (number)",,311.0,582.0,1088.0,1911.0,1900.0,2118.0,2893.0,3292.0,3013.0,3390.0,4822.0,5680.0,6369.0,6818.0,7305.0,9063.0,8870.0,8883.0,9759.0,9200.0,10873.0,10611.0,9964.0,10586.0,10986.0,11227.0,14055.0,,19094.0,22415.0,28075.0,34336.0,39406.0,41282.0,42197.0,50225.0,61780.0,62910.0,82402.0,114382.0,110181.0,123286.0,145464.0,,,
BFA,"Enrolment in tertiary education, all programmes, both sexes (number)",,183.0,231.0,274.0,436.0,523.0,1067.0,986.0,1222.0,1286.0,1226.0,1644.0,2568.0,3086.0,3406.0,3845.0,4085.0,4381.0,4790.0,5491.0,5675.0,5425.0,7387.0,8813.0,8815.0,9452.0,9388.0,8911.0,,9878.0,,12322.0,15535.0,18200.0,,27942.0,30472.0,33459.0,41779.0,47587.0,51166.0,60998.0,68894.0,74276.0,,,94728.0
BGD,"Enrolment in tertiary education, all programmes, both sexes (number)",117603.0,,136113.0,140770.0,183833.0,,158604.0,181756.0,154496.0,232780.0,240181.0,244091.0,297930.0,386542.0,436615.0,461073.0,465552.0,415232.0,366355.0,370900.0,434309.0,,,,,,,,,709224.0,726701.0,878537.0,855339.0,877335.0,821364.0,911600.0,1053566.0,1145401.0,1294535.0,1582175.0,,2008337.0,2037118.0,,2068355.0,,
BGR,"Enrolment in tertiary education, all programmes, both sexes (number)",,99596.0,107296.0,117103.0,121798.0,127319.0,128593.0,129507.0,142644.0,117028.0,108308.0,101359.0,97785.0,95723.0,98612.0,104333.0,113795.0,125576.0,135852.0,150517.0,157861.0,188479.0,185914.0,195447.0,206179.0,223030.0,250336.0,262757.0,260487.0,270077.0,261321.0,247006.0,228394.0,230513.0,228468.0,237909.0,243464.0,258692.0,264463.0,274247.0,287086.0,285265.0,284995.0,283959.0,283294.0,278953.0,
BHR,"Enrolment in tertiary education, all programmes, both sexes (number)",,289.0,312.0,352.0,612.0,669.0,703.0,1226.0,1207.0,1069.0,1314.0,1908.0,2348.0,,,4235.0,4180.0,3333.0,4894.0,,,6868.0,7147.0,7763.0,7676.0,7701.0,8096.0,,,11048.0,,,,19079.0,,18841.0,18403.0,,,,,40175.0,40498.0,37094.0,38113.0,38901.0,
BHS,"Enrolment in tertiary education, all programmes, both sexes (number)",,,,,,,,5660.0,5554.0,5607.0,4396.0,4093.0,3963.0,3097.0,3620.0,3965.0,4531.0,4932.0,5305.0,,,,,,,3960.0,,,,,,,,,,,,,,,,,,,,,
BIH,"Enrolment in tertiary education, all programmes, both sexes (number)",,,,,,,,,,,,,,,,,,,,,,,,,,,,,,,57722.0,63425.0,64629.0,70671.0,77009.0,84422.0,91263.0,99557.0,104938.0,105488.0,105137.0,107537.0,107083.0,112607.0,111970.0,108475.0,
BLR,"Enrolment in tertiary education, all programmes, both sexes (number)",,286134.0,,,,,314603.0,,,,334881.0,342917.0,341600.0,344300.0,345100.0,346600.0,342400.0,337200.0,333400.0,330891.0,339523.0,335294.0,313500.0,312339.0,299640.0,292800.0,322985.0,328746.0,361033.0,387347.0,411861.0,437995.0,463544.0,488650.0,507360.0,528508.0,544328.0,556526.0,544434.0,554060.0,568772.0,584846.0,587958.0,562168.0,517578.0,477221.0,
BLZ,"Enrolment in tertiary education, all programmes, both sexes (number)",,113.0,96.0,,110.0,121.0,,,,,,,,,,,,,,,,,,,,,,,,,,3760.0,4394.0,4341.0,4319.0,4571.0,4931.0,5362.0,5775.0,6972.0,7008.0,7223.0,8280.0,8470.0,,8562.0,
BMU,"Enrolment in tertiary education, all programmes, both sexes (number)",,,,,,,,,,431.0,567.0,608.0,,,,,,,,,,,,,,,,,,,,,,,,,1208.0,1081.0,1092.0,1366.0,1269.0,1313.0,1278.0,1207.0,1108.0,973.0,
BOL,"Enrolment in tertiary education, all programmes, both sexes (number)",35250.0,33137.0,31895.0,35165.0,44890.0,,,,,,,,,,,,,,,128800.0,,,,,,,188645.0,,228168.0,252706.0,278763.0,301984.0,311015.0,337914.0,346056.0,,,352554.0,,,,,,,,,
BRA,"Enrolment in tertiary education, all programmes, both sexes (number)",430473.0,569230.0,696215.0,785159.0,954674.0,1089808.0,1119849.0,1182411.0,1251116.0,1340662.0,1409243.0,1419426.0,1436287.0,1479397.0,,,1451191.0,1470555.0,1503560.0,1518904.0,1540080.0,1619310.0,1591176.0,1652333.0,1716263.0,,1868529.0,,2203599.0,2456961.0,2781328.0,3125745.0,3582105.0,3994422.0,4275027.0,4572297.0,,5272877.0,5958135.0,6115138.0,6552707.0,6929324.0,7241405.0,7541112.0,8072146.0,8285475.0,
BRB,"Enrolment in tertiary education, all programmes, both sexes (number)",,763.0,1028.0,1276.0,1417.0,,,,,,,4033.0,4938.0,,5133.0,5227.0,,,,4244.0,4242.0,6651.0,6888.0,6252.0,,,,,,6915.0,8074.0,7979.0,,,,,,11405.0,,14324.0,13232.0,12421.0,,,,,
BRN,"Enrolment in tertiary education, all programmes, both sexes (number)",,,,,,,,331.0,,436.0,,,,218.0,607.0,,601.0,945.0,,,,,1388.0,1454.0,1539.0,,,,2917.0,3705.0,3984.0,4479.0,4418.0,4546.0,4917.0,5023.0,5094.0,5284.0,5607.0,6107.0,5776.0,6626.0,8336.0,8797.0,11292.0,10866.0,
BTN,"Enrolment in tertiary education, all programmes, both sexes (number)",,,,,,,,,140.0,264.0,322.0,,,288.0,,,,,,,,,,,,,,,,1479.0,,,,,,3553.0,3820.0,4190.0,5051.0,4926.0,5499.0,6863.0,7400.0,8543.0,,,
BWA,"Enrolment in tertiary education, all programmes, both sexes (number)",0.0,0.0,179.0,244.0,289.0,469.0,527.0,622.0,762.0,860.0,1078.0,1137.0,1317.0,1435.0,1693.0,1938.0,2378.0,2731.0,,,,5364.0,,6830.0,7728.0,7920.0,8850.0,,10247.0,11246.0,13088.0,14582.0,15641.0,18608.0,20011.0,19655.0,21738.0,22257.0,31129.0,47889.0,42366.0,37859.0,46613.0,57447.0,55128.0,60583.0,51573.0
CAF,"Enrolment in tertiary education, all programmes, both sexes (number)",,155.0,,,381.0,415.0,669.0,743.0,1011.0,1486.0,2094.0,1719.0,2549.0,2162.0,2413.0,2522.0,2651.0,2450.0,2754.0,3075.0,3482.0,3840.0,3684.0,,,,,,,6229.0,6323.0,,,,6384.0,,4462.0,,9473.0,10427.0,11158.0,13289.0,12522.0,,,,
CAN,"Enrolment in tertiary education, all programmes, both sexes (number)",,,,,,,1079960.0,,,,,,,,,,1639410.0,,,1727260.0,1840837.0,1916801.0,1942814.0,1746919.0,1776792.0,1783716.0,1763105.0,,1192570.0,1220651.0,1212161.0,,,,,,,,,,,,,,,,
CHE,"Enrolment in tertiary education, all programmes, both sexes (number)",,51426.0,53595.0,56534.0,60329.0,62584.0,64720.0,72375.0,74730.0,78120.0,81530.0,85127.0,88385.0,90568.0,95661.0,105897.0,110111.0,117017.0,121693.0,125158.0,132753.0,137486.0,143067.0,146266.0,148664.0,148154.0,148024.0,,152653.0,156390.0,156879.0,163373.0,170085.0,185965.0,195947.0,199696.0,204999.0,213112.0,224469.0,233488.0,248639.0,257696.0,269573.0,279832.0,289570.0,294450.0,
CHL,"Enrolment in tertiary education, all programmes, both sexes (number)",78430.0,101087.0,127238.0,146451.0,145003.0,149647.0,134149.0,131793.0,130982.0,127349.0,145497.0,,158117.0,178332.0,188665.0,197437.0,214273.0,224338.0,234973.0,,,261800.0,297122.0,324594.0,334808.0,342788.0,367094.0,380603.0,406553.0,450952.0,452177.0,,521609.0,567114.0,580815.0,663694.0,661142.0,753398.0,804981.0,876243.0,987643.0,1061527.0,1118773.0,1174011.0,1205182.0,1221774.0,
CHN,"Enrolment in tertiary education, all programmes, both sexes (number)",108617.0,,,193719.0,313645.0,429981.0,500993.0,564715.0,625319.0,856322.0,1019950.0,1662796.0,,,2169978.0,2746124.0,3515485.0,3843102.0,3936882.0,3906301.0,3924546.0,3822371.0,3660248.0,3699840.0,4505215.0,5278935.0,5621543.0,5826636.0,6075215.0,6365625.0,7364111.0,9398581.0,12143723.0,15186217.0,18090814.0,20601220.0,23360536.0,25346280.0,26691696.0,29295840.0,31046736.0,31308378.0,32585960.0,34091288.0,41924200.0,43367392.0,
CIV,"Enrolment in tertiary education, all programmes, both sexes (number)",,4381.0,4616.0,5684.0,6148.0,,7174.0,8701.0,10201.0,12470.0,14418.0,19633.0,18732.0,,18872.0,19660.0,,23642.0,,,,,30064.0,37811.0,49851.0,52225.0,,87873.0,,96681.0,,,,,,,,156772.0,151671.0,152896.0,144270.0,66232.0,,169351.0,176504.0,192689.0,
CMR,"Enrolment in tertiary education, all programmes, both sexes (number)",,2690.0,3443.0,4484.0,5533.0,6459.0,,,,11012.0,12704.0,11686.0,12510.0,13493.0,15563.0,17741.0,,21438.0,23781.0,24539.0,29000.0,33177.0,,,,,,,,66902.0,65697.0,68495.0,77707.0,81318.0,83903.0,99864.0,120298.0,132134.0,147631.0,174144.0,220331.0,244233.0,270409.0,322175.0,349756.0,389974.0,
COD,"Enrolment in tertiary education, all programmes, both sexes (number)",,12363.0,14999.0,16054.0,18368.0,21021.0,24853.0,25620.0,27146.0,28430.0,26700.0,28493.0,33901.0,32758.0,38380.0,38656.0,40878.0,45731.0,52800.0,61422.0,66614.0,80233.0,,,,93266.0,,,,60341.0,,,,,,,229443.0,237836.0,308739.0,377867.0,,487685.0,511251.0,442979.0,,,
COG,"Enrolment in tertiary education, all programmes, both sexes (number)",,1788.0,1483.0,2098.0,2570.0,3007.0,3249.0,3785.0,4567.0,5455.0,6848.0,7255.0,8886.0,9445.0,9984.0,10444.0,10684.0,11008.0,12043.0,10310.0,10490.0,10671.0,12045.0,13806.0,,,,,,10713.0,15629.0,13403.0,12164.0,12347.0,,,,,,23397.0,,33928.0,39303.0,37037.0,,,
COL,"Enrolment in tertiary education, all programmes, both sexes (number)",85560.0,99262.0,116709.0,130682.0,148613.0,176098.0,202437.0,237477.0,253547.0,267885.0,271630.0,318293.0,335833.0,356000.0,378586.0,391490.0,417654.0,434623.0,457834.0,474787.0,487448.0,510649.0,535320.0,547468.0,576540.0,588322.0,644188.0,772291.0,879840.0,877944.0,934085.0,977243.0,989745.0,,1112574.0,1223594.0,1314972.0,1372674.0,1487186.0,1570447.0,1674420.0,1849466.0,1958429.0,2109224.0,2220652.0,2293550.0,
COM,"Enrolment in tertiary education, all programmes, both sexes (number)",,,,,,,,,,,,,,,,,,,,,248.0,,223.0,229.0,,,348.0,,,649.0,714.0,,,1707.0,,,,2598.0,,3896.0,3905.0,5516.0,6087.0,6231.0,6499.0,,
CPV,"Enrolment in tertiary education, all programmes, both sexes (number)",,,,,,,,,,,,,,,,,,,,,,,,,,,,,,706.0,801.0,718.0,1810.0,2215.0,3036.0,3910.0,4567.0,5289.0,6658.0,8465.0,10144.0,11769.0,11800.0,13068.0,13397.0,12538.0,
CRI,"Enrolment in tertiary education, all programmes, both sexes (number)",15473.0,17588.0,19627.0,22631.0,,,,,52542.0,55378.0,55593.0,58961.0,58974.0,58927.0,60288.0,63771.0,66550.0,71585.0,70907.0,74682.0,74681.0,80442.0,88324.0,,,,,,,,,,,,108765.0,,,,,,,194933.0,203175.0,205247.0,216751.0,217841.0,
CUB,"Enrolment in tertiary education, all programmes, both sexes (number)",,26342.0,36877.0,48735.0,55435.0,68051.0,82688.0,106850.0,122456.0,133014.0,146240.0,151733.0,165496.0,173403.0,192958.0,212155.0,235224.0,256619.0,262225.0,250604.0,242366.0,242434.0,224568.0,198474.0,176228.0,140815.0,122346.0,111587.0,104595.0,153463.0,158674.0,178021.0,191262.0,235997.0,396516.0,471858.0,681629.0,864846.0,987250.0,970895.0,800873.0,664775.0,503182.0,373286.0,301773.0,261413.0,
CYM,"Enrolment in tertiary education, all programmes, both sexes (number)",,,,,,,,,,,,,,,,,,,,,,,,,,,,,,316.0,428.0,508.0,502.0,560.0,,,567.0,626.0,912.0,,,,,,,,
CYP,"Enrolment in tertiary education, all programmes, both sexes (number)",,698.0,810.0,921.0,849.0,,,,1097.0,1455.0,1522.0,1940.0,1977.0,1804.0,2201.0,2580.0,3134.0,3419.0,4247.0,5066.0,5852.0,6554.0,5898.0,6263.0,6732.0,7765.0,8874.0,9982.0,,10842.0,10414.0,11934.0,13927.0,18272.0,20849.0,20078.0,20587.0,22227.0,25688.0,30986.0,32233.0,32118.0,31772.0,31965.0,33674.0,37166.0,
CZE,"Enrolment in tertiary education, all programmes, both sexes (number)",,79024.0,73854.0,73315.0,77783.0,83814.0,90649.0,100004.0,107683.0,109944.0,114477.0,118026.0,118881.0,117284.0,112497.0,109329.0,107098.0,108734.0,109570.0,110619.0,113417.0,118194.0,112654.0,116560.0,163394.0,178853.0,191604.0,207221.0,215041.0,231224.0,253695.0,260044.0,284485.0,287001.0,318858.0,336307.0,338009.0,363277.0,392540.0,416847.0,437354.0,446158.0,440230.0,427441.0,418624.0,395529.0,
DEU,"Enrolment in tertiary education, all programmes, both sexes (number)",,,,,,,,,,,,,,,,,,,,,,2048627.0,2033702.0,2112642.0,2132162.0,2155728.0,2144169.0,2131907.0,,,,,,,,,,,,,,,,2780012.75,2912203.5,2977781.0,
DJI,"Enrolment in tertiary education, all programmes, both sexes (number)",,,,,,,0.0,,,,,0.0,,,,,0.0,,,,,0.0,53.0,61.0,75.0,,130.0,161.0,,175.0,190.0,496.0,728.0,906.0,1134.0,1696.0,1928.0,2192.0,2453.0,3159.0,3225.0,4705.0,,,,,
DMA,"Enrolment in tertiary education, all programmes, both sexes (number)",,,,,,,,,,,,63.0,,,58.0,60.0,,,,68.0,,430.0,658.0,484.0,,,,,,,,,,,,,,,,,,,,,,,
DNK,"Enrolment in tertiary education, all programmes, both sexes (number)",,76024.0,86545.0,96883.0,103553.0,105414.0,110271.0,110637.0,117656.0,104978.0,106579.0,106241.0,106669.0,110731.0,113157.0,114559.0,116319.0,118641.0,122256.0,126662.0,134731.0,142968.0,150159.0,164356.0,169619.0,169783.0,174975.0,,183274.0,189970.0,189162.0,192022.0,196204.0,201746.0,217130.0,232255.0,228893.0,232194.0,230707.0,234574.0,240536.0,258932.0,275009.0,291147.0,301399.0,313756.0,
DOM,"Enrolment in tertiary education, all programmes, both sexes (number)",,23546.0,30345.0,34548.0,,41352.0,,,,,,,,,,,123748.0,,,,,,,,,,,176995.0,,,,,,286954.0,,,,,,,,,445909.0,,455822.0,480103.0,
DZA,"Enrolment in tertiary education, all programmes, both sexes (number)",,,,,,,,,,,,,,,,,,201982.0,203529.0,,258995.0,285930.0,298117.0,303111.0,298133.0,298767.0,347410.0,,,456358.0,,549009.0,624788.0,682775.0,716452.0,792121.0,817968.0,901562.0,,1149666.0,1144271.0,1188562.0,1210272.0,1252579.0,1245478.0,1289474.0,
EAP,"Enrolment in tertiary education, all programmes, both sexes (number)",1537261.0,1608607.25,1704481.125,1800722.375,2030301.75,2256922.5,2458110.25,2679451.5,3023586.25,3597097.25,4058968.75,4762823.5,5569948.5,6048779.0,6736049.5,7459928.5,8169470.0,8736535.0,8787977.0,9151404.0,9271115.0,9445797.0,9445622.0,9684079.0,10801831.0,11871823.0,12633601.0,13641684.0,14489295.0,15736884.0,17104038.0,19489290.0,22648246.0,26147178.0,29489594.0,32467124.0,35446044.0,38087292.0,40322692.0,43633464.0,46071632.0,47217144.0,49461576.0,51471764.0,59809028.0,,
EAS,"Enrolment in tertiary education, all programmes, both sexes (number)",3862325.5,3911795.25,4168510.5,4352076.0,4722968.5,5096384.5,5460098.5,5773247.5,6311743.5,6947732.5,7509697.0,8332937.0,9326290.0,10018141.0,10923159.0,11798598.0,12593696.0,13292258.0,13516749.0,14014792.0,14327806.0,14732216.0,14971501.0,16246575.0,17877094.0,19177278.0,20204894.0,21509016.0,22258766.0,23673498.0,25257460.0,27801408.0,31201856.0,34750952.0,38188188.0,41180440.0,44216108.0,46898368.0,49295048.0,52677596.0,55233632.0,56584732.0,58874208.0,60916176.0,69097800.0,,
ECA,"Enrolment in tertiary education, all programmes, both sexes (number)",8740948.0,9010161.0,9201921.0,9373413.0,9515601.0,9716468.0,9882257.0,10075545.0,10205711.0,10248854.0,10242553.0,10241178.0,10245425.0,10252185.0,10265320.0,10306891.0,10217724.0,10147189.0,10083447.0,10071020.0,10223163.0,10253491.0,10157015.0,9932478.0,9917740.0,9919545.0,10286783.0,10733463.0,11076296.0,11720239.0,12674493.0,13934621.0,15179277.0,16443369.0,16897408.0,17736308.0,18561374.0,19128692.0,19463992.0,19679412.0,19756732.0,19473514.0,19043116.0,18906682.0,18188350.0,,
ECS,"Enrolment in tertiary education, all programmes, both sexes (number)",14467852.0,14753502.0,15211768.0,15721784.0,16151983.0,16751116.0,17399646.0,17883148.0,18289324.0,18388416.0,18570974.0,18689018.0,18868316.0,19090288.0,19302340.0,19576698.0,19667118.0,19734338.0,19912710.0,20271068.0,20795626.0,21344654.0,21753498.0,22290416.0,23160584.0,23619424.0,24372168.0,25364026.0,25947864.0,27139502.0,28481986.0,30305528.0,32152828.0,34013540.0,34920392.0,36152180.0,37193784.0,37857796.0,38290256.0,38756064.0,39231380.0,39164832.0,38685980.0,38299848.0,37693412.0,,
ECU,"Enrolment in tertiary education, all programmes, both sexes (number)",,38692.0,43743.0,57677.0,,136695.0,170173.0,,,233684.0,255418.0,269775.0,261075.0,254148.0,266222.0,280594.0,,,271956.0,244763.0,197614.0,206541.0,,,,202682.0,,213496.0,,,,,,,,,,,534522.0,,,,572721.0,586105.0,,,
EGY,"Enrolment in tertiary education, all programmes, both sexes (number)",,233304.0,262501.0,305653.0,351522.0,408235.0,480016.0,565333.0,606579.0,626624.0,659544.0,715701.0,778216.0,826529.0,873565.0,838142.0,854584.0,878323.0,875033.0,761539.0,733275.0,628233.0,,,,,,,,2039240.0,,2118675.0,2263645.0,2097519.0,2260758.0,2351981.0,2402860.0,2484983.0,2500913.0,2567568.0,2645832.0,2246244.0,2301182.0,2477581.0,2544107.0,2868912.0,
EMU,"Enrolment in tertiary education, all programmes, both sexes (number)",4190175.75,4196501.0,4429356.0,4716754.5,4910955.5,5188782.0,5534802.0,5734420.0,5958408.5,5985453.0,6165624.5,6299892.0,6475239.0,6604979.0,6798314.5,7039337.5,7197065.0,7280938.5,7478678.0,7764194.5,8018377.5,8374618.0,8712275.0,9186363.0,9706769.0,9837482.0,10001420.0,10253560.0,10378444.0,10459003.0,10655828.0,10924430.0,11123054.0,11478988.0,11798734.0,12023159.0,12157298.0,12200163.0,12297050.0,12437282.0,12690334.0,12915013.0,12916244.0,12884160.0,13041961.0,,
ERI,"Enrolment in tertiary education, all programmes, both sexes (number)",,,,,,,,,,,,,,,,,,,,,,,,,,3137.0,3020.0,,3096.0,3994.0,4135.0,5505.0,5507.0,,4612.0,,,,,9949.0,12039.0,,,,12554.0,,
ESP,"Enrolment in tertiary education, all programmes, both sexes (number)",,224904.0,250387.0,368299.0,406398.0,453389.0,540238.0,581064.0,662812.0,630463.0,682568.0,697789.0,721806.0,750201.0,810391.0,857036.0,935126.0,976558.0,1036439.0,1101297.0,1165771.0,1222089.0,1301748.0,1370689.0,1469468.0,1526985.0,1591863.0,1684445.0,1745170.0,1786778.0,1828987.0,1833527.0,1832760.0,1840607.0,1839903.0,1809353.0,1789254.0,1777498.0,1781019.0,1800834.0,1878973.0,1950482.0,1965829.0,1969413.0,1982162.0,1963924.0,
EST,"Enrolment in tertiary education, all programmes, both sexes (number)",,,,,,,,,,,,25500.0,,,,,23500.0,,23400.0,24300.0,26300.0,25900.0,25805.0,24464.0,24768.0,25483.0,39726.0,43468.0,46513.0,48684.0,53613.0,57778.0,60648.0,63625.0,65659.0,67760.0,68286.0,68767.0,68168.0,68399.0,68985.0,69113.0,67607.0,64806.0,59998.0,55214.0,
ETH,"Enrolment in tertiary education, all programmes, both sexes (number)",,4543.0,4978.0,3941.0,6474.0,,,6966.0,10824.0,13365.0,14949.0,14368.0,14985.0,16117.0,16030.0,,27338.0,30210.0,29253.0,31204.0,33486.0,34076.0,,,29000.0,32671.0,35027.0,42226.0,45554.0,52305.0,67732.0,87431.0,101829.0,147954.0,172111.0,191212.0,,,264822.0,401918.0,577594.0,632344.0,693287.0,,757175.0,,
EUU,"Enrolment in tertiary education, all programmes, both sexes (number)",5869057.5,5892187.5,6157215.5,6493292.5,6775255.5,7185047.0,7676290.5,7963306.0,8257518.0,8288819.5,8463708.0,8572055.0,8734750.0,8929493.0,9116464.0,9334860.0,9512575.0,9642879.0,9887753.0,10264082.0,10627113.0,11187490.0,11694774.0,12472067.0,13368487.0,13851977.0,14338849.0,14907339.0,15152784.0,15748454.0,16167083.0,16791724.0,17411080.0,18040184.0,18518770.0,18971450.0,19282392.0,19477520.0,19700860.0,19985686.0,20276534.0,20349246.0,20116176.0,19751420.0,19804594.0,,
FIN,"Enrolment in tertiary education, all programmes, both sexes (number)",,59769.0,61778.0,63303.0,67881.0,71526.0,114272.0,119274.0,122427.0,122825.0,122843.0,123165.0,124831.0,127657.0,120153.0,121182.0,127976.0,133933.0,139375.0,146857.0,155313.0,165714.0,173702.0,188162.0,197367.0,205039.0,213995.0,226458.0,250047.0,262890.0,270185.0,279628.0,283805.0,291664.0,299888.0,305996.0,308966.0,309163.0,309648.0,296691.0,303554.0,308336.0,308924.0,309009.0,306080.0,302478.0,
FJI,"Enrolment in tertiary education, all programmes, both sexes (number)",359.0,548.0,691.0,881.0,1204.0,1653.0,,,,,1666.0,1777.0,2016.0,,1931.0,2313.0,2211.0,,,3509.0,,7908.0,,,,,,,,,,,,12779.0,12783.0,12717.0,,,,,,,,,,,
FRA,"Enrolment in tertiary education, all programmes, both sexes (number)",,801156.0,841049.0,906568.0,936052.0,989439.0,1038576.0,1042738.0,1086938.0,1020503.0,1060412.0,1076717.0,1150055.0,1179268.0,,1255538.0,1278581.0,1289942.0,1327771.0,1477084.0,1587202.0,1698938.0,1840307.0,1951994.0,2083232.0,2072552.0,2091688.0,2062495.0,2027422.0,2012193.0,2015344.0,2031743.0,2029179.0,2119149.0,2160300.0,2187383.0,2201201.0,2179505.0,2164538.0,2172855.0,2245097.0,2259448.0,2296306.0,2338135.0,2388880.0,,
FRO,"Enrolment in tertiary education, all programmes, both sexes (number)",,,,,,,,,,,,,,,,,,,,,,,,,,,,,,,,,,,,,,,,,,,,,,,
FSM,"Enrolment in tertiary education, all programmes, both sexes (number)",,,,,,,,,573.0,1703.0,1329.0,2129.0,1602.0,,,,,,,,,,,,,,,,,1510.0,1539.0,,,,,,,,,,,,,,,,
GAB,"Enrolment in tertiary education, all programmes, both sexes (number)",,172.0,307.0,357.0,660.0,986.0,1014.0,1245.0,1284.0,1273.0,1663.0,,,2992.0,3228.0,,,4089.0,4050.0,4007.0,4085.0,,,,,,,,,7473.0,,9070.0,,10076.0,,,,,,,,,,,,,
GBR,"Enrolment in tertiary education, all programmes, both sexes (number)",,601300.0,615800.0,622100.0,637086.0,703645.0,732947.0,750180.0,760085.0,783342.0,795985.0,827146.0,858416.0,980538.0,1000168.0,1006969.0,1032491.0,1068386.0,1086092.0,1113341.0,1177792.0,1258188.0,1385072.0,1528389.0,1664025.0,1813280.0,1820849.0,1891450.0,1938423.0,2080960.0,2024138.0,2067349.0,2240680.0,2287833.0,2247441.0,2287541.0,2336111.0,2362815.0,2329494.0,2415222.0,2479197.0,2492284.0,2495779.0,2386199.0,2352932.75,,
GEO,"Enrolment in tertiary education, all programmes, both sexes (number)",,,,,,,,,,,,140578.0,,,,,,,,,,148391.0,,,,168011.0,155033.0,163345.0,,130164.0,137046.0,140627.0,149142.0,155453.0,155058.0,174255.0,144991.0,141303.0,129926.0,95225.0,105696.0,110557.0,99376.0,112746.0,120923.0,127633.0,
GHA,"Enrolment in tertiary education, all programmes, both sexes (number)",,5426.0,5783.0,6391.0,7466.0,8022.0,9079.0,,,,,,16161.0,,,,,,,,,13700.0,16095.0,19531.0,20338.0,,,,,,,,,,,119559.0,110184.0,140017.0,190273.0,203376.0,,285862.0,295344.0,354818.0,402142.0,417534.0,
GIB,"Enrolment in tertiary education, all programmes, both sexes (number)",,,,,,,,,,,,,,,,,,,,,,,,,,,,,,,,,,,,,,,,,,,,,,,
GIN,"Enrolment in tertiary education, all programmes, both sexes (number)",,1974.0,,,,9816.0,12411.0,14241.0,19706.0,20739.0,,18270.0,13161.0,13182.0,12304.0,10664.0,8801.0,6753.0,5923.0,6245.0,5908.0,5366.0,5213.0,7398.0,7129.0,8096.0,7722.0,8151.0,8272.0,,,,,,17218.0,23788.0,42711.0,68261.0,80222.0,83887.0,98528.0,103192.0,101173.0,109454.0,117943.0,,
GMB,"Enrolment in tertiary education, all programmes, both sexes (number)",,,,,,,,,,,,,,,,,,,,,,,,,,1591.0,,,,1169.0,,,,,1530.0,,,,,,3312.0,5358.0,5001.0,,,,
GNB,"Enrolment in tertiary education, all programmes, both sexes (number)",,,,,,,,,,,,,,,,,,,,404.0,,,,,,,,,,,,,,,,3122.0,3689.0,,,,,,,,,,
GNQ,"Enrolment in tertiary education, all programmes, both sexes (number)",,,,,,,,,,,,,1140.0,,,,,,,,,578.0,,,,,,,,,1003.0,,,,,,,,,,,,,,,,
GRC,"Enrolment in tertiary education, all programmes, both sexes (number)",,85776.0,85001.0,91309.0,97131.0,111441.0,117246.0,122833.0,117892.0,120644.0,117407.0,121116.0,124694.0,137453.0,148515.0,167957.0,181901.0,197808.0,189173.0,187644.0,194419.0,283415.0,271718.0,299023.0,314002.0,296357.0,329185.0,363150.0,374122.0,387859.0,422317.0,478205.0,529233.0,561468.0,597007.0,646587.0,653003.0,602858.0,,,641844.0,660741.0,663698.0,659284.0,677429.0,,
GRD,"Enrolment in tertiary education, all programmes, both sexes (number)",,,,,,,,,,153.0,614.0,,926.0,519.0,535.0,,,,,,,,,,,,,,,,,,,,,,,,,6689.0,,,,,,9236.0,
GTM,"Enrolment in tertiary education, all programmes, both sexes (number)",15609.0,17114.0,19408.0,21878.0,20060.0,22881.0,25925.0,29234.0,34301.0,,,35898.0,,43852.0,45552.0,48283.0,51860.0,,,,,,,71567.0,77051.0,80228.0,,,,,,,111739.0,,,,,233885.0,,,,,,293721.0,,366674.0,
GUM,"Enrolment in tertiary education, all programmes, both sexes (number)",,2719.0,3068.0,3351.0,3430.0,3558.0,3800.0,3710.0,4343.0,4500.0,3168.0,3217.0,5127.0,,,,,7052.0,7300.0,7300.0,,,,,,,,,,,,,,,,,,,,,,,,,,,
GUY,"Enrolment in tertiary education, all programmes, both sexes (number)",,1112.0,1232.0,1385.0,,,2852.0,,,2604.0,2491.0,2465.0,2746.0,2049.0,2111.0,2297.0,2328.0,,3700.0,,4665.0,,,,7503.0,6945.0,7680.0,8965.0,,,,,,4848.0,6933.0,7278.0,7370.0,7532.0,7306.0,7124.0,7939.0,8367.0,8857.0,,,,
HIC,"Enrolment in tertiary education, all programmes, both sexes (number)",17657796.0,17754856.0,18707672.0,19549080.0,20326190.0,21544450.0,23189122.0,23491604.0,24343928.0,24528314.0,25233594.0,26096470.0,26845802.0,27515904.0,28035684.0,28252986.0,28559258.0,29129132.0,29851170.0,30702992.0,31897352.0,32935708.0,34412108.0,36217068.0,37499972.0,38226136.0,38902752.0,39282624.0,38487284.0,39848388.0,39922492.0,41136244.0,44419844.0,45922536.0,46849292.0,47783988.0,48324716.0,49014804.0,49906372.0,51271424.0,53434680.0,54677060.0,54868068.0,53923876.0,53655900.0,53512108.0,
HKG,"Enrolment in tertiary education, all programmes, both sexes (number)",,25516.0,27831.0,30245.0,34197.0,38265.0,44482.0,44210.0,,52961.0,56771.0,,63971.0,71382.0,74563.0,,,,,,,,85214.0,88950.0,97392.0,,,,,,,,,146039.0,147724.0,152294.0,155324.0,194236.0,252615.0,254273.0,264761.0,270512.0,269838.0,300395.0625,304885.78125,298642.6875,
HND,"Enrolment in tertiary education, all programmes, both sexes (number)",,,,,10361.0,11907.0,15499.0,20205.0,23317.0,,25825.0,30653.0,33279.0,34468.0,35787.0,36620.0,,37386.0,42874.0,43896.0,43117.0,44365.0,47262.0,47562.0,54106.0,55536.0,61279.0,68000.0,77768.0,85000.0,90620.0,,,119877.0,122874.0,,,,147740.0,,169878.0,,174935.0,183722.0,185876.0,195469.0,
HPC,"Enrolment in tertiary education, all programmes, both sexes (number)",300883.125,303641.0625,318184.3125,333836.6875,360956.84375,387659.28125,413112.96875,437503.4375,479040.21875,507465.65625,538662.6875,559915.875,582712.1875,603847.4375,622376.375,648050.25,679030.5625,694324.0625,730424.875,761144.1875,796652.6875,837919.5625,879200.0,930673.8125,975717.0,1021823.875,1079380.5,1157288.75,1224718.875,1308511.625,1486054.125,1671108.125,1846327.25,2019329.25,2228999.0,2440185.75,2681653.5,2902472.5,3251272.0,3662948.75,4127698.25,4386884.0,4744576.5,5057360.5,5322084.5,,
HRV,"Enrolment in tertiary education, all programmes, both sexes (number)",,,,,,,,,,,,64966.0,,,,,55886.0,,,,69021.0,72342.0,69822.0,77689.0,82361.0,82251.0,86357.0,85752.0,90021.0,95889.0,96798.0,104168.0,112537.0,121722.0,126322.0,134658.0,136646.0,139996.0,143410.0,139069.0,149853.0,153960.0,157289.0,164623.0,166061.0,162022.0,
HTI,"Enrolment in tertiary education, all programmes, both sexes (number)",,,,,,,2881.0,3039.0,3968.0,4186.0,4282.0,4671.0,,5300.0,6289.0,,6288.0,,,,,,,,,,,,,,,,,,,,,,,,,,,,,,
HUN,"Enrolment in tertiary education, all programmes, both sexes (number)",,80536.0,86311.0,90857.0,98122.0,103390.0,107555.0,110528.0,108649.0,105926.0,103469.0,101166.0,102564.0,100564.0,99865.0,99986.0,99344.0,98505.0,99025.0,99124.0,100868.0,102387.0,107079.0,117460.0,144428.0,170147.0,194607.0,215115.0,254693.0,279397.0,307071.0,330549.0,354386.0,390453.0,422177.0,436012.0,438702.0,431572.0,413715.0,397679.0,388950.0,381927.0,380757.0,359040.0,329455.0,307729.0,
IDN,"Enrolment in tertiary education, all programmes, both sexes (number)",248220.0,,255856.0,260205.0,264433.0,278200.0,296326.0,275098.0,305071.0,305583.0,457633.0,543175.0,565501.0,616117.0,831625.0,980162.0,1048885.0,1277684.0,1185651.0,1403728.0,1515689.0,1590593.0,1773459.0,1795453.0,2043380.0,2229796.0,2303469.0,2705675.0,2735724.0,3059658.0,3126307.0,3017887.0,3175833.0,3441429.0,3551092.0,3662234.0,3657429.0,3806629.0,4419577.0,4859409.0,5001048.0,5364301.0,6233984.0,6423455.0,6463297.0,5107999.0,
IND,"Enrolment in tertiary education, all programmes, both sexes (number)",,2472963.0,,2773148.0,,,3043865.0,3011809.0,3161093.0,3206990.0,3278793.0,3545318.0,3411105.0,3916290.0,4211176.0,4271618.0,4470844.0,4806179.0,4275859.0,4528956.0,4780181.0,4950974.0,,,,4932669.0,5695780.0,6060418.0,,,9404460.0,9834046.0,10576653.0,11295041.0,11852936.0,11777296.0,12852684.0,14862962.0,17211216.0,18500324.0,20740740.0,26650952.0,28568408.0,28175136.0,30305848.0,32107420.0,
IRL,"Enrolment in tertiary education, all programmes, both sexes (number)",,28501.0,29517.0,30020.0,31737.0,37897.0,46174.0,46515.0,46603.0,47254.0,49313.0,54746.0,59824.0,64116.0,64561.0,67378.0,70301.0,73450.0,76936.0,81133.0,85138.0,90296.0,101108.0,108394.0,117641.0,121401.0,128284.0,134566.0,142774.0,151137.0,160611.0,166600.0,176296.0,181557.0,188315.0,186561.0,186044.0,190349.0,178518.0,182609.0,194009.0,196321.0,192647.0,199428.0,203912.0,214632.0,
IRN,"Enrolment in tertiary education, all programmes, both sexes (number)",,74708.0,97338.0,115311.0,123114.0,135354.0,151905.0,154215.0,155811.0,,,,,,,,,,,,,,,,,909476.0,1048093.0,,,1308150.0,1404880.0,1569776.0,1566509.0,1714433.0,1954920.0,2126274.0,2398811.0,2828528.0,3391852.0,3349741.0,3790859.0,4117208.0,4404614.0,4367901.0,4685386.0,4802721.0,
IRQ,"Enrolment in tertiary education, all programmes, both sexes (number)",,42431.0,48994.0,56599.0,65481.0,78784.0,86111.0,91358.0,91651.0,90103.0,100462.0,106709.0,116294.0,122743.0,126715.0,144986.0,169665.0,170659.0,183608.0,209818.0,,,,,,,,,,271508.0,288670.0,,317993.0,,412545.0,424908.0,,,,,,,,,,,
ISL,"Enrolment in tertiary education, all programmes, both sexes (number)",,1706.0,1970.0,2267.0,2429.0,2695.0,2970.0,3100.0,3265.0,,4176.0,4383.0,4627.0,5053.0,5212.0,4643.0,4724.0,4745.0,4725.0,5005.0,5407.0,5225.0,6161.0,5672.0,7059.0,7385.0,7483.0,7908.0,8100.0,8462.0,9667.0,10184.0,11584.0,13347.0,14710.0,15169.0,15721.0,15821.0,16631.0,16919.0,18051.0,18845.0,19099.0,19097.0,,,
ISR,"Enrolment in tertiary education, all programmes, both sexes (number)",,55486.0,61555.0,70431.0,,75338.0,,85081.0,83671.0,95142.0,97624.0,97097.0,107583.0,110309.0,112901.0,,116062.0,118608.0,115657.0,117454.0,122568.0,134885.0,,162219.0,,182836.0,198766.0,,233991.0,246806.0,255891.0,270979.0,299716.0,301326.0,301227.0,310937.0,310014.0,327108.0,325246.0,342707.0,360378.0,365665.0,379182.0,373581.0,376952.0,374048.0,
ITA,"Enrolment in tertiary education, all programmes, both sexes (number)",,687242.0,788690.0,808740.0,847321.0,930211.0,976712.0,1020762.0,1052342.0,1090537.0,1097954.0,1117742.0,,1090775.0,1120342.0,1181953.0,1185304.0,1153224.0,1227809.0,1296298.0,1358254.0,1452286.0,1533202.0,1615150.0,1770253.0,1791726.0,1775186.0,1892542.0,1869101.0,1797241.0,1770002.0,1812325.0,1854200.0,1913352.0,1986497.0,2014998.0,2029023.0,2033642.0,2013856.0,2011713.0,1980399.0,1967569.0,1925930.0,1872693.0,1854360.0,1826477.0,
JAM,"Enrolment in tertiary education, all programmes, both sexes (number)",,6892.0,7506.0,8263.0,8413.0,,,12285.0,,,,13999.0,,,,,,12054.0,,12259.0,,16018.0,15891.0,,,,,,,21840.0,35995.0,42502.0,45394.0,51355.0,52260.0,47583.0,47427.0,,61139.0,61509.0,71352.0,70683.0,78268.0,74414.0,,74537.0,
JOR,"Enrolment in tertiary education, all programmes, both sexes (number)",,4518.0,5138.0,6604.0,8186.0,9302.0,11873.0,16420.0,17219.0,20383.0,30076.0,36549.0,45196.0,49416.0,56427.0,53895.0,53753.0,60553.0,56348.0,65979.0,69389.0,80442.0,84226.0,88506.0,85936.0,87507.0,99020.0,112959.0,,,142190.0,,162688.0,186189.0,214106.0,217823.0,220103.0,231657.0,254752.0,266881.0,246928.0,252446.0,306630.0,,,312750.0,
JPN,"Enrolment in tertiary education, all programmes, both sexes (number)",,1819323.0,1927322.0,1977176.0,2062161.0,2155893.0,2248903.0,2301444.0,2436862.0,2432052.0,2422915.0,2412117.0,2402725.0,2391915.0,2409983.0,2403371.0,2347463.0,2409687.0,2510169.0,2588470.0,2683035.0,2781000.0,2899143.0,,3841134.0,3917709.0,,,3963658.0,3940756.0,3982069.0,3972468.0,3966667.0,3984400.0,4031604.0,4038302.0,4084861.0,4032625.0,3938632.0,3874224.0,3836314.0,3880544.0,3884638.0,3862749.0,3862460.0,,
KAZ,"Enrolment in tertiary education, all programmes, both sexes (number)",,,,,,,,,,,,525400.0,,,,,551000.0,,551300.0,546100.0,541000.0,535100.0,526700.0,,494152.0,482690.0,419460.0,,,323949.0,418473.0,,,,,,879623.0,,,,756706.0,794557.0,824313.0,781450.0,727401.0,658413.0,623534.0
KEN,"Enrolment in tertiary education, all programmes, both sexes (number)",7795.0,8591.0,8379.0,9896.0,11351.0,,9407.0,9146.0,9904.0,11746.0,12986.0,13398.0,,18444.0,20072.0,21756.0,,26839.0,,31287.0,,,,,,,,,,,89016.0,94629.0,98115.0,,108407.0,113532.0,,,,167983.0,,,,,,,
KGZ,"Enrolment in tertiary education, all programmes, both sexes (number)",,,,,,,,,,,,,,,,,109100.0,,108300.0,106300.0,105300.0,102200.0,100700.0,94592.0,90950.0,87980.0,94015.0,105382.0,124863.0,131222.0,160684.0,190508.0,209245.0,201128.0,205224.0,220460.0,233463.0,239380.0,271532.0,266991.0,260583.0,258869.0,270083.0,284604.0,267920.0,265382.0,
KHM,"Enrolment in tertiary education, all programmes, both sexes (number)",,9228.0,10425.0,9988.0,,,,,,,702.0,601.0,602.0,769.0,1369.0,1970.0,2213.0,,,5080.0,5479.0,6659.0,8764.0,10837.0,12218.0,11652.0,13401.0,10019.0,,,22108.0,25416.0,32010.0,43210.0,45370.0,56810.0,94708.0,117420.0,137490.0,168003.0,195166.0,223222.0,,,,217364.0,
KIR,"Enrolment in tertiary education, all programmes, both sexes (number)",,,,,,,,,,,,,,,,,,,,,,,,,,,,,,,,,,,,,,,,,,,,,,,
KNA,"Enrolment in tertiary education, all programmes, both sexes (number)",,,,,,,,,,63.0,40.0,,,,67.0,59.0,212.0,266.0,194.0,,,,225.0,394.0,,,,,,,,,,,,,,,859.0,,,,,,3411.0,3508.0,
KOR,"Enrolment in tertiary education, all programmes, both sexes (number)",,201436.0,214653.0,230330.0,250233.0,273479.0,318683.0,345679.0,385699.0,444009.0,538726.0,647505.0,829915.0,1028933.0,1204117.0,1345114.0,1455759.0,1514784.0,1548772.0,1573369.0,1630374.0,1691429.0,1761775.0,1911765.0,1950306.0,2065579.0,2225092.0,2792410.0,2636388.0,2837880.0,3003498.0,3129899.0,3210142.0,3223431.0,3224875.0,3210184.0,3204036.0,3208591.0,3204310.0,3219216.0,3269509.0,3356011.0,3359739.0,3342264.0,3318307.0,3268099.0,
KWT,"Enrolment in tertiary education, all programmes, both sexes (number)",,2686.0,3573.0,4310.0,5303.0,5800.0,8104.0,9934.0,12391.0,11621.0,12435.0,13630.0,15725.0,17909.0,19185.0,21924.0,23678.0,24384.0,25521.0,26080.0,22020.0,,21171.0,22113.0,25000.0,27646.0,28705.0,29509.0,,33906.0,,34779.0,36982.0,37153.0,36866.0,,,,,,,,,71786.0,,,
LAC,"Enrolment in tertiary education, all programmes, both sexes (number)",1456186.625,1694311.375,1971698.0,2298428.5,2736810.0,3216259.75,3457192.0,3631906.25,3860240.25,4173182.25,4465680.0,4747936.5,4946965.0,5162932.0,6224838.0,6565274.5,6077563.0,6251765.5,6501405.5,6604585.5,6673009.5,6911297.0,6959016.0,6995867.0,7189176.5,8235571.5,7883173.0,9073598.0,9254127.0,10040225.0,10748748.0,11544071.0,12519860.0,13399482.0,14222277.0,15101649.0,16355575.0,17498044.0,19048844.0,19609986.0,20383552.0,21137276.0,21724602.0,22254834.0,22433280.0,,
LAO,"Enrolment in tertiary education, all programmes, both sexes (number)",,424.0,456.0,389.0,875.0,828.0,,,,,1157.0,1408.0,2894.0,3924.0,4790.0,5173.0,5382.0,,5322.0,,4730.0,,,6071.0,6179.0,7908.0,11724.0,12732.0,10293.0,12076.0,14149.0,16745.0,23018.0,28117.0,33760.0,47424.0,56716.0,75003.0,89457.0,113341.0,118295.0,125323.0,126314.0,137092.0,132435.0,130191.0,
LBN,"Enrolment in tertiary education, all programmes, both sexes (number)",,42578.0,44296.0,,,56593.0,,,,78628.0,85087.0,79073.0,70314.0,73052.0,,70510.0,79500.0,83891.0,,,,,85495.0,,,,81588.0,,,113022.0,116014.0,134018.0,142951.0,144050.0,154635.0,165730.0,173123.0,187055.0,196682.0,199656.0,202345.0,216851.0,212467.0,230278.0,228954.0,216468.0,
LBR,"Enrolment in tertiary education, all programmes, both sexes (number)",1109.0,1199.0,1390.0,1710.0,,2404.0,,,2694.0,3789.0,,,,,,,,5095.0,,,,,,,,,,,,20804.0,52251.0,,,,,,,,,,33470.0,,43883.0,,,,
LBY,"Enrolment in tertiary education, all programmes, both sexes (number)",,5222.0,6291.0,8220.0,9590.0,11997.0,13427.0,13723.0,15460.0,15626.0,15809.0,20166.0,23767.0,27535.0,,32770.0,,,,,50471.0,,72899.0,,,,,,,308474.0,290060.0,324603.0,359146.0,375028.0,,,,,,,,,,,,,
LCA,"Enrolment in tertiary education, all programmes, both sexes (number)",,,,,,,,298.0,299.0,276.0,249.0,301.0,367.0,411.0,402.0,346.0,,367.0,389.0,,,,,870.0,,,2760.0,,,,,,,,2285.0,2197.0,1628.0,1438.0,2577.0,2796.0,1973.0,2621.0,1683.0,2322.0,2830.0,2788.0,
LCN,"Enrolment in tertiary education, all programmes, both sexes (number)",1801023.5,1897241.125,2207951.75,2560138.75,3006632.75,3502976.5,3742062.5,3922093.0,4168512.25,4481550.5,4795825.5,5090308.0,5315346.5,5644659.5,6718828.5,7070421.0,6602571.5,6788798.0,7051226.5,7168115.0,7247399.5,7497683.5,7575689.5,7643061.5,7849331.5,8906210.0,8580501.0,9791872.0,10005395.0,10831392.0,11540219.0,12373187.0,13389847.0,14317194.0,15159095.0,16127906.0,17381520.0,18660016.0,20283368.0,20924170.0,21823096.0,22653000.0,23299522.0,23879564.0,24087544.0,,
LDC,"Enrolment in tertiary education, all programmes, both sexes (number)",465960.4375,485691.71875,509536.1875,526342.0625,581800.6875,583817.4375,582075.8125,650193.0625,675023.5,793837.125,838942.25,879700.0625,952346.5625,1057757.125,1138670.375,1192768.75,1237907.5,1277256.875,1227218.25,1262365.5,1339769.875,1398690.75,1423901.375,1519905.625,1545413.5,1601664.0,1696514.875,1782101.75,1904470.125,2096796.75,2328377.5,2711024.5,2854854.75,3049963.25,3183955.25,3520748.25,3935956.5,4329940.0,4896996.5,5688510.5,6453329.5,7040936.5,7444660.0,7777624.5,7993880.0,,
LIC,"Enrolment in tertiary education, all programmes, both sexes (number)",396695.3125,380919.25,396348.75,439024.09375,513895.125,602232.0625,673751.0,730439.1875,776844.6875,783195.5625,772432.375,770923.125,794093.5,818421.3125,880989.0625,949500.75,1045253.75,1095738.75,1158391.25,1213510.25,1221860.625,1253201.125,1248321.0,1227736.625,1174450.75,1125382.5,1099222.875,1089765.625,1096798.375,1117146.375,1248886.875,1372446.5,1512695.5,1669400.5,1817193.125,1983747.625,2149382.75,2363024.5,2620479.75,2971608.75,3413509.0,3707753.25,3986678.75,4164292.75,4388009.5,4447326.0,
LIE,"Enrolment in tertiary education, all programmes, both sexes (number)",,,,,,,,,,,,,,,,,,,,,,,,,,,,,,,,,,440.0,532.0,527.0,636.0,673.0,800.0,754.0,787.0,984.0,960.0,,830.0,750.0,
LKA,"Enrolment in tertiary education, all programmes, both sexes (number)",12325.0,14047.0,,14102.0,14568.0,15426.0,,16730.0,17485.0,41898.0,,44247.0,57352.0,63730.0,65796.0,59377.0,61628.0,,,,,,,,80704.0,,,,,,,,,,,,,,,,261647.0,242300.0,271389.0,297782.0,301681.0,308000.0,
LMC,"Enrolment in tertiary education, all programmes, both sexes (number)",6098078.0,6422627.0,6761454.5,7067762.0,7367328.5,7550834.0,7794531.5,8037780.0,8555420.0,9031576.0,9492411.0,10181760.0,10363403.0,11220393.0,12091521.0,12378474.0,12591328.0,13213715.0,12801096.0,13378818.0,13858779.0,14170638.0,14417369.0,14765930.0,15297996.0,16012711.0,17483748.0,18989048.0,20886856.0,23244298.0,25094354.0,26360328.0,28031470.0,29444304.0,31118078.0,32331542.0,34299576.0,37376560.0,41127076.0,43797200.0,47177160.0,54011000.0,57434356.0,58071196.0,61334960.0,61647864.0,
LMY,"Enrolment in tertiary education, all programmes, both sexes (number)",15327406.0,16090298.0,16905550.0,17769630.0,18856090.0,19992934.0,20844370.0,21610190.0,22607314.0,23836156.0,24850062.0,26359940.0,27526742.0,28994558.0,31318140.0,32675928.0,33283604.0,34405132.0,34325148.0,35184980.0,36007200.0,36747376.0,36991896.0,37491436.0,39195024.0,41750132.0,43915660.0,47515964.0,50507060.0,54990208.0,59798156.0,65576852.0,72377640.0,79383952.0,85577984.0,91478048.0,98615872.0,106301152.0,114296808.0,120978080.0,128096552.0,136372432.0,142078160.0,144976240.0,153720352.0,,
LSO,"Enrolment in tertiary education, all programmes, both sexes (number)",402.0,368.0,342.0,468.0,563.0,529.0,708.0,950.0,1075.0,1260.0,1188.0,1319.0,1397.0,1432.0,1373.0,1771.0,1869.0,2220.0,2410.0,2391.0,2029.0,2112.0,3704.0,4001.0,4365.0,4384.0,4614.0,,,4046.0,4470.0,4976.0,5005.0,6108.0,,7918.0,8500.0,,,,,,25507.0,24073.0,23545.0,,
LTU,"Enrolment in tertiary education, all programmes, both sexes (number)",,,,,,,,,,,,70995.0,,,,,93235.0,,,91456.0,92688.0,88668.0,78848.0,72148.0,70460.0,70863.0,75559.0,83645.0,96371.0,107419.0,121904.0,135923.0,148788.0,167606.0,182656.0,195405.0,198868.0,199855.0,204767.0,210744.0,201373.0,187117.0,175066.0,159695.0,148389.0,140629.0,
LUX,"Enrolment in tertiary education, all programmes, both sexes (number)",,363.0,366.0,485.0,458.0,522.0,483.0,446.0,302.0,404.0,414.0,748.0,699.0,941.0,982.0,843.0,759.0,709.0,,,,1298.0,1390.0,1274.0,1800.0,1856.0,2003.0,2110.0,2233.0,2499.0,2437.0,2533.0,2965.0,3077.0,,,2692.0,,3011.0,,5376.0,,6085.0,,,,
LVA,"Enrolment in tertiary education, all programmes, both sexes (number)",,,,,,,,,,,,47230.0,47230.0,46554.0,45792.0,45207.0,43914.0,43316.0,43705.0,44247.0,45615.0,45953.0,46279.0,43610.0,40180.0,40330.0,46696.0,56187.0,70233.0,82042.0,91237.0,102783.0,110500.0,118944.0,127656.0,130706.0,131125.0,129497.0,127760.0,125360.0,112567.0,103856.0,97041.0,94474.0,89671.0,85881.0,
MAC,"Enrolment in tertiary education, all programmes, both sexes (number)",,,,,,,,,,,,,,,,,,,7662.0,7930.0,8824.0,7425.0,7420.0,7271.0,6517.0,,,7485.0,,7458.0,7471.0,13996.0,20399.0,26272.0,24815.0,23420.0,23291.0,23868.0,25407.0,28805.0,29476.0,30519.0,25852.0,27776.0,29521.0,30771.0,
MAR,"Enrolment in tertiary education, all programmes, both sexes (number)",,16097.0,16971.0,22382.0,25525.0,34092.0,45322.0,45085.0,67322.0,62107.0,,112405.0,125804.0,114005.0,132918.0,,181087.0,193061.0,213570.0,232071.0,253884.0,255667.0,253390.0,267671.0,276402.0,294502.0,,311743.0,256016.0,273183.0,295634.0,311349.0,319309.0,336724.0,344335.0,367556.0,385953.0,369672.0,403561.0,419089.0,447036.0,505587.0,605759.0,707832.0,789407.0,877404.0,
MCO,"Enrolment in tertiary education, all programmes, both sexes (number)",,,,,,,,,,,,,,,,,,,,,,,,,,,,,,,,,,,,,,,,,,,,,,,
MDA,"Enrolment in tertiary education, all programmes, both sexes (number)",,,,,,,,,,,,110200.0,,,,,113800.0,,111100.0,108300.0,107600.0,104800.0,,,,100833.0,87700.0,93759.0,,103672.0,103944.0,102825.0,107731.0,114238.0,119981.0,130350.0,143750.0,148449.0,143601.0,135147.0,130168.0,128988.0,124784.0,122464.0,116325.0,109395.0,
MDG,"Enrolment in tertiary education, all programmes, both sexes (number)",,5738.0,6683.0,8078.0,,9354.0,8385.0,11711.0,14116.0,16226.0,22857.0,22632.0,30000.0,32599.0,34162.0,37746.0,38310.0,35106.0,36269.0,36933.0,37046.0,35824.0,,42681.0,35940.0,29998.0,28814.0,26715.0,30781.0,30800.0,32046.0,30712.0,31925.0,35480.0,42143.0,44948.0,49680.0,58313.0,62069.0,68460.0,74444.0,85548.0,90235.0,97056.0,113025.0,,
MDV,"Enrolment in tertiary education, all programmes, both sexes (number)",,,,,,,,,,,,,,,,,,,,,,,,,,,,,,,,,,73.0,,,,4386.0,5171.0,,,,,,6089.0,,
MEA,"Enrolment in tertiary education, all programmes, both sexes (number)",656727.3125,692875.5,782682.5,885745.5625,981723.8125,1105354.5,1257747.125,1398865.625,1504580.625,1590358.375,1721563.875,1894736.375,2055027.375,2177865.5,2323255.25,2417835.75,2576071.75,2688315.25,2798701.75,2839335.5,2967378.5,3023698.5,3267446.5,3583603.5,3850364.75,4196566.5,4684767.0,5152915.0,5621021.0,6237617.0,6546920.0,6988851.0,7375483.0,7694377.5,8381251.5,8950445.0,9478354.0,10297572.0,11220022.0,11547454.0,12312381.0,12516851.0,13342759.0,13751028.0,14332233.0,,
MEX,"Enrolment in tertiary education, all programmes, both sexes (number)",,247637.0,281397.0,,408704.0,498361.0,562056.0,569266.0,654959.0,744412.0,853384.0,929865.0,998397.0,1043770.0,1105469.0,,1207779.0,1222046.0,1311252.0,1309943.0,1314027.0,1310835.0,,1302590.0,1358271.0,1420461.0,1532846.0,1612318.0,1727484.0,1837884.0,1962763.0,2047895.0,2147075.0,2236791.0,2322781.0,2384858.0,2446726.0,2528664.0,2623367.0,2705190.0,2847376.0,2981313.0,3161195.0,3300348.0,3419391.0,,
MHL,"Enrolment in tertiary education, all programmes, both sexes (number)",,,,,,,,,,,,,,,,,,,,,,,,,,,,,,,,,903.0,,,,,,,,,,1330.0,,,,
MIC,"Enrolment in tertiary education, all programmes, both sexes (number)",14930710.0,15709379.0,16509201.0,17330606.0,18342196.0,19390702.0,20170618.0,20879750.0,21830470.0,23052960.0,24077630.0,25589016.0,26732648.0,28176136.0,30437150.0,31726426.0,32238350.0,33309396.0,33166756.0,33971472.0,34785336.0,35494172.0,35743576.0,36263700.0,38020576.0,40624992.0,42815852.0,46417968.0,49406600.0,53867568.0,58546956.0,64205196.0,70869096.0,77720960.0,83767440.0,89503552.0,96450752.0,103899112.0,111612408.0,117919968.0,124576440.0,132669040.0,138065024.0,140872816.0,152685504.0,154710016.0,
MKD,"Enrolment in tertiary education, all programmes, both sexes (number)",,30337.0,,,,,36049.0,,,,,46281.0,45223.0,43546.0,41477.0,39501.0,38065.0,35729.0,34418.0,32226.0,29349.0,26515.0,27032.0,26405.0,27340.0,29057.0,29583.0,30754.0,32048.0,35141.0,36922.0,40246.0,44710.0,45624.0,46637.0,49364.0,48368.0,58199.0,65504.0,65200.0,61764.0,,63318.0,60682.0,60572.0,63543.0,
MLI,"Enrolment in tertiary education, all programmes, both sexes (number)",,731.0,,,1852.0,2445.0,2936.0,3576.0,4216.0,4789.0,5281.0,,4498.0,5792.0,7125.0,7389.0,6768.0,5536.0,,4569.0,4792.0,4780.0,6273.0,7507.0,,8249.0,9595.0,13679.0,13847.0,18662.0,19751.0,21861.0,22632.0,,,,,,67839.0,76667.0,81188.0,87653.0,97278.0,,,,
MLT,"Enrolment in tertiary education, all programmes, both sexes (number)",2289.0,2405.0,2746.0,2571.0,2114.0,2397.0,2370.0,2463.0,2299.0,1592.0,862.0,947.0,934.0,1010.0,1337.0,1408.0,1474.0,1449.0,1447.0,1682.0,2511.0,3123.0,3602.0,4662.0,5177.0,5805.0,6263.0,6368.0,7146.0,6915.0,6315.0,7422.0,7259.0,8946.0,7867.0,9441.0,8922.0,9811.0,9472.0,10352.0,10840.0,11491.0,12203.0,12574.0,12610.0,13216.0,
MMR,"Enrolment in tertiary education, all programmes, both sexes (number)",,46150.0,49572.0,51811.0,51829.0,53642.0,56083.0,83703.0,,121609.0,,163197.0,165000.0,,179366.0,188560.0,179366.0,256965.0,222206.0,222060.0,220174.0,,196052.0,243870.0,235256.0,245317.0,,,332842.0,,,553456.0,,,,,,507660.0,,,,659510.0,634306.0,,,,
MNA,"Enrolment in tertiary education, all programmes, both sexes (number)",590555.75,623354.875,704698.6875,796231.5,884848.875,1000433.0625,1138092.0,1266057.625,1359319.25,1431038.125,1553096.875,1713932.375,1851378.375,1954990.25,2088078.5,2160594.75,2303042.75,2408712.25,2513063.25,2546729.0,2653593.0,2680129.5,2899398.5,3168651.5,3410833.25,3707692.0,4158507.0,4579168.0,4996024.0,5514396.0,5774261.5,6164932.0,6495012.0,6716820.5,7344467.0,7857252.0,8338681.5,9063679.0,9930524.0,10165134.0,10745598.0,10796361.0,11397050.0,11667850.0,12082226.0,,
MNE,"Enrolment in tertiary education, all programmes, both sexes (number)",,,,,,,,,,,,,,,,,,,,,,,,,,,,,,,,8271.0,7878.0,8333.0,9759.0,11011.0,12903.0,16173.0,19395.0,22738.0,23786.0,,,,,,
MNG,"Enrolment in tertiary education, all programmes, both sexes (number)",19699.0,19548.0,19649.0,19997.0,21373.0,24175.0,27108.0,30994.0,33589.0,36654.0,39090.0,41948.0,43854.0,45831.0,47369.0,46946.0,47575.0,46728.0,46639.0,43279.0,40038.0,35816.0,32580.0,28722.0,30429.0,34248.0,38643.0,44088.0,50961.0,65272.0,74025.0,84970.0,90275.0,98031.0,108738.0,123824.0,138019.0,142411.0,151533.0,162217.0,165769.0,171165.0,173856.0,176689.0,175205.0,179540.0,
MOZ,"Enrolment in tertiary education, all programmes, both sexes (number)",,1982.0,,2621.0,,,,906.0,777.0,750.0,804.0,1000.0,1266.0,,,1442.0,,2335.0,,,,,4600.0,5250.0,6129.0,6639.0,7143.0,,,10322.0,,,,,22256.0,28298.0,43233.0,63476.0,75457.0,84074.0,103850.0,113464.0,123779.0,136938.0,157431.0,174802.0,
MRT,"Enrolment in tertiary education, all programmes, both sexes (number)",,,,,,,,,477.0,,,,,,,2821.0,4526.0,5378.0,5407.0,5808.0,5810.0,5339.0,5850.0,7501.0,7675.0,7775.0,8496.0,9225.0,9240.0,10206.0,,9033.0,8173.0,8941.0,9292.0,8758.0,10157.0,11794.0,12004.0,12519.0,14536.0,16151.0,17878.0,19243.0,,20800.0,20280.0
MUS,"Enrolment in tertiary education, all programmes, both sexes (number)",1975.0,1353.0,1295.0,1356.0,1321.0,1096.0,1408.0,1531.0,1393.0,1213.0,1038.0,901.0,926.0,702.0,794.0,1161.0,1106.0,1589.0,2118.0,2179.0,3485.0,4032.0,,5969.0,5505.0,6141.0,7098.0,7099.0,,10825.0,12130.0,18779.0,16859.0,16955.0,17627.0,20514.0,22221.0,22971.0,25578.0,30545.0,33427.0,35906.0,40165.0,41621.0,40457.0,37871.0,
MWI,"Enrolment in tertiary education, all programmes, both sexes (number)",,,,1918.0,2007.0,2093.0,1903.0,2014.0,1948.0,2180.0,2528.0,2591.0,2676.0,2705.0,2817.0,2963.0,3057.0,3285.0,3351.0,3674.0,4539.0,4829.0,4947.0,5052.0,5346.0,5358.0,5561.0,,,3179.0,3584.0,4129.0,4531.0,4757.0,5782.0,5810.0,6298.0,6458.0,,,10296.0,12203.0,,,,,
MYS,"Enrolment in tertiary education, all programmes, both sexes (number)",,,,,,,,,,52975.0,57650.0,,67368.0,68687.0,77750.0,93249.0,109545.0,119591.0,120714.0,109345.0,121412.0,137826.0,160566.0,170145.0,191290.0,210724.0,,,442625.0,473357.0,549205.0,557118.0,632309.0,725865.0,731077.0,696760.0,737267.0,805136.0,922239.0,1000694.0,1061421.0,1036354.0,1076675.0,1116733.0,860144.0,817587.0,
NAC,"Enrolment in tertiary education, all programmes, both sexes (number)",9194405.0,9435876.0,9919557.0,10298130.0,10630442.0,11278699.0,12265217.0,12167208.0,12518622.0,12570426.0,12955831.0,13555341.0,13894539.0,14003423.0,14081974.0,13881709.0,13887188.0,14169212.0,14457263.0,14783008.0,15379611.0,15627756.0,16304614.0,16234078.0,16083012.0,16063387.0,16025754.0,15248062.0,14477475.0,14990926.0,14415973.0,14824003.0,17173894.0,17875092.0,18180072.0,18565896.0,18792044.0,19078368.0,19583180.0,20453688.0,21791482.0,22388682.0,22376048.0,21369160.0,21096660.0,,
NAM,"Enrolment in tertiary education, all programmes, both sexes (number)",,,,,,,,,,,,,,,,,,,,,,4157.0,,,9714.0,11344.0,,8914.0,11209.0,,,13339.0,11030.0,11788.0,,13566.0,13185.0,,19707.0,,,,,,,,
NCL,"Enrolment in tertiary education, all programmes, both sexes (number)",101.0,84.0,102.0,148.0,188.0,178.0,366.0,,,462.0,438.0,421.0,715.0,580.0,660.0,761.0,,,,,,,,,,,,,,,,,,,,,,,,,,,,,,,
NER,"Enrolment in tertiary education, all programmes, both sexes (number)",,0.0,0.0,215.0,280.0,357.0,541.0,765.0,784.0,939.0,947.0,1435.0,1853.0,2118.0,2450.0,2863.0,,3317.0,,3773.0,4506.0,,4513.0,,,,,,,,,,,8850.0,8774.0,10799.0,11208.0,10869.0,12823.0,15992.0,17096.0,18328.0,21764.0,,,,
NGA,"Enrolment in tertiary education, all programmes, both sexes (number)",,,,,,39562.0,44964.0,58953.0,68382.0,97530.0,115166.0,150072.0,176904.0,193731.0,208051.0,240889.0,266679.0,267862.0,304536.0,335824.0,,,,,,,,,,699109.0,,,,1234219.0,1289656.0,1391527.0,,,,,1394585.0,1513371.0,,,,,
NIC,"Enrolment in tertiary education, all programmes, both sexes (number)",9385.0,9381.0,12519.0,11420.0,13095.0,18282.0,21072.0,21249.0,,27179.0,35268.0,,32838.0,35588.0,31725.0,29001.0,26775.0,26878.0,,,30733.0,31499.0,35730.0,,,50769.0,,56558.0,,,,,100363.0,,,,,,,,,,,,,,
NLD,"Enrolment in tertiary education, all programmes, both sexes (number)",,231167.0,247964.0,,,264297.0,288026.0,305150.0,320501.0,328968.0,350778.0,360033.0,371515.0,379047.0,384407.0,390244.0,404866.0,399776.0,413488.0,415847.0,437488.0,478869.0,493563.0,506580.0,532405.0,502928.0,491748.0,468970.0,461374.0,469885.0,487649.0,504042.0,516769.0,526767.0,543396.0,564983.0,579622.0,590121.0,602286.0,618502.0,650905.0,780014.0,793678.0,,,842601.0,
NOR,"Enrolment in tertiary education, all programmes, both sexes (number)",,50047.0,53598.0,57914.0,63838.0,64582.0,66628.0,73320.0,72999.0,75720.0,78401.0,79117.0,82511.0,88510.0,91330.0,94089.0,94658.0,104246.0,106904.0,114855.0,129343.0,142521.0,154180.0,166499.0,176722.0,172967.0,180383.0,185320.0,183026.0,187482.0,190943.0,190054.0,197064.0,212395.0,213845.0,213940.0,214711.0,215237.0,212672.0,219282.0,224706.0,229743.0,238224.0,255416.0,264207.0,268231.0,
NPL,"Enrolment in tertiary education, all programmes, both sexes (number)",,,,,21760.0,23504.0,19482.0,25398.0,31942.0,38539.0,,51356.0,52070.0,48229.0,55555.0,54452.0,78490.0,83356.0,95240.0,102130.0,93753.0,110239.0,103840.0,102882.0,98731.0,93176.0,105694.0,,,,94401.0,103290.0,119670.0,124817.0,147123.0,187165.0,202076.0,254792.0,284973.0,289262.0,376869.0,385454.0,,477077.0,458621.0,445324.0,
NZL,"Enrolment in tertiary education, all programmes, both sexes (number)",39816.0,42243.0,62800.0,64926.0,66739.0,66178.0,68758.0,69708.0,74473.0,74232.0,76643.0,80715.0,82666.0,84764.0,95754.0,95793.0,102684.0,105598.0,114195.0,120821.0,111504.0,128078.0,146215.0,162932.0,169421.0,163923.0,162350.0,169656.0,161288.0,167308.0,171962.0,177634.0,185099.0,195511.0,243425.0,239983.0,237784.0,242650.0,244355.0,263028.0,266232.0,262230.0,259588.0,256608.265625,260846.6875,270074.21875,
OED,"Enrolment in tertiary education, all programmes, both sexes (number)",17602534.0,17885060.0,18855178.0,19746796.0,20580768.0,21938756.0,23678730.0,24002174.0,24900882.0,25145004.0,25882434.0,26761710.0,27544832.0,28163240.0,28778846.0,29096718.0,29485928.0,30091726.0,30915042.0,31808768.0,33067276.0,34140176.0,35679380.0,37536968.0,39064864.0,39830716.0,40703752.0,41071244.0,40556416.0,41983900.0,42200596.0,43499408.0,46890036.0,48568004.0,49550760.0,50607604.0,51392816.0,52070636.0,52823616.0,54548844.0,57250508.0,58749736.0,59528936.0,59080892.0,59146884.0,,
OMN,"Enrolment in tertiary education, all programmes, both sexes (number)",,,,,,,,20.0,21.0,13.0,15.0,18.0,14.0,29.0,91.0,368.0,990.0,2148.0,3320.0,4389.0,5653.0,6208.0,7351.0,7646.0,8155.0,9761.0,9664.0,12251.0,16032.0,,,,,36826.0,41578.0,48483.0,55956.0,61548.0,63262.0,75715.0,78063.0,89230.0,,105097.0,118299.0,126947.0,
PAK,"Enrolment in tertiary education, all programmes, both sexes (number)",,114980.0,104452.0,107757.0,111826.0,114913.0,127932.0,133465.0,148451.0,153536.0,156558.0,,,,,,267742.0,271838.0,315793.0,,304922.0,,221313.0,,,,,,,,,,,401056.0,520666.0,782621.0,820347.0,954698.0,973792.0,1226004.0,,1572664.0,1816949.0,1915419.0,1931875.0,1871575.0,
PAN,"Enrolment in tertiary education, all programmes, both sexes (number)",8947.0,15074.0,18280.0,21716.0,24292.0,26289.0,30473.0,34720.0,34302.0,37031.0,40369.0,42425.0,45060.0,44568.0,52224.0,55303.0,62143.0,55633.0,51650.0,50762.0,53235.0,58625.0,63848.0,69451.0,69437.0,76798.0,80980.0,,102502.0,108764.0,118502.0,117864.0,117601.0,130026.0,128558.0,126242.0,130838.0,132660.0,134290.0,135209.0,139116.0,133497.0,140213.0,124375.0,,,
PER,"Enrolment in tertiary education, all programmes, both sexes (number)",126234.0,129472.0,138935.0,160835.0,180699.0,195641.0,202662.0,233420.0,,272982.0,306353.0,362857.0,379193.0,401715.0,425261.0,452462.0,531834.0,567667.0,615398.0,656258.0,678236.0,728666.0,732688.0,666967.0,650621.0,671802.0,647389.0,657586.0,,1011839.0,900059.0,814217.0,830345.0,838584.0,895501.0,908315.0,951391.0,,,,1150620.0,,,,,,
PHL,"Enrolment in tertiary education, all programmes, both sexes (number)",,651514.0,688259.0,707232.0,736803.0,721398.0,769749.0,814889.0,969952.0,1129056.0,1182103.0,1276016.0,1335889.0,1411515.0,1576500.0,1544000.0,1402000.0,1357832.0,1461000.0,1579938.0,1516315.0,1709486.0,1656815.0,,,1871647.0,2022106.0,,2069508.0,2208635.0,,2432002.0,2467267.0,2427211.0,2420997.0,2402649.0,2483988.0,,2651466.0,2625385.0,2774368.0,2951195.0,3044218.0,3317265.0,3563396.0,,
PLW,"Enrolment in tertiary education, all programmes, both sexes (number)",,,,,,,,,,,,,,,,,,,,,,,,,,,,,,,597.0,480.0,484.0,,,,,,,,,,,863.0,,,
PNG,"Enrolment in tertiary education, all programmes, both sexes (number)",,,5307.0,5545.0,,,,,,,5040.0,,,4846.0,6062.0,5068.0,6397.0,,,,,,,,,14158.0,16118.0,,9859.0,9943.0,,,,,,,,,,,,,,,,,
POL,"Enrolment in tertiary education, all programmes, both sexes (number)",,397897.0,399060.0,429646.0,481295.0,521899.0,575499.0,613842.0,622631.0,626289.0,609997.0,589134.0,544895.0,495902.0,475816.0,456661.0,454190.0,450205.0,458585.0,493552.0,505727.0,544893.0,549308.0,627308.0,747159.0,876057.0,1021351.0,1182360.0,1191099.0,1399090.0,1579571.0,1774985.0,1906268.0,1983360.0,2044298.0,2118081.0,2145687.0,2146926.0,2165980.0,2149998.0,2148676.0,2080334.0,2007212.0,1902718.0,1762666.0,,
PRI,"Enrolment in tertiary education, all programmes, both sexes (number)",,63073.0,69620.0,75355.0,84390.0,89671.0,97517.0,100885.0,119970.0,124000.0,129708.0,131184.0,137171.0,,,,,,,,,,,,,,,,,,,,,,,,,211458.0,227546.0,235618.0,249372.0,250192.0,250011.0,245495.0,241168.0,,
PRK,"Enrolment in tertiary education, all programmes, both sexes (number)",,,,,,,,,,,,,,,,,,,,,,,,,,,,,,,,,,,,,,,,593179.0,,600424.0,,,,565350.0,
PRT,"Enrolment in tertiary education, all programmes, both sexes (number)",,50095.0,53389.0,55184.0,59845.0,64666.0,79702.0,95841.0,85360.0,92149.0,91373.0,92152.0,94958.0,99165.0,101308.0,112851.0,103585.0,129277.0,,,156701.0,185762.0,190856.0,247523.0,276534.0,300573.0,319525.0,,351784.0,356790.0,373745.0,387703.0,396601.0,400831.0,395063.0,380937.0,367312.0,366729.0,376917.0,373002.0,383627.0,396268.0,390273.0,371000.0,362200.0,337507.0,
PRY,"Enrolment in tertiary education, all programmes, both sexes (number)",8172.0,10255.0,11627.0,12212.0,14009.0,18302.0,,,,,26915.0,28792.0,30207.0,34199.0,33203.0,32090.0,31839.0,30833.0,31095.0,31117.0,32884.0,,,42654.0,,40913.0,42302.0,,,66065.0,83088.0,96598.0,146489.0,143507.0,148699.0,155727.0,,180637.0,217024.0,236194.0,225211.0,,,,,,
PSE,"Enrolment in tertiary education, all programmes, both sexes (number)",,,,,,,,,,,,,,,,,,,,,,,,,,,40916.0,49599.0,56726.0,66282.0,71207.0,80543.0,88930.0,104567.0,121928.0,138139.0,150128.0,169373.0,180905.0,182565.0,196625.0,213973.0,217502.0,213217.0,213935.0,221018.0,
PYF,"Enrolment in tertiary education, all programmes, both sexes (number)",,,,,,,,,,,,27.0,37.0,68.0,180.0,,,,,,,,301.0,,,,,,,,,,,,,,,,,,,,,,,,
QAT,"Enrolment in tertiary education, all programmes, both sexes (number)",,0.0,,,,,779.0,910.0,,,2025.0,2269.0,2981.0,4015.0,4369.0,4942.0,5344.0,5281.0,5347.0,5889.0,6469.0,6485.0,6548.0,7283.0,7351.0,7794.0,8271.0,8475.0,8590.0,8880.0,,7808.0,7831.0,7826.0,9287.0,9699.0,10161.0,11132.0,12545.0,13133.0,13846.0,15352.0,17266.0,20902.0,25255.0,27866.0,
ROU,"Enrolment in tertiary education, all programmes, both sexes (number)",,151885.0,148428.0,143985.0,143656.0,152728.0,164567.0,174888.0,182337.0,190560.0,192546.0,192769.0,190903.0,181081.0,174042.0,166328.0,159798.0,157174.0,157041.0,159465.0,164507.0,192810.0,215226.0,235669.0,250087.0,255162.0,336141.0,354488.0,360590.0,407720.0,452621.0,533152.0,582221.0,643911.0,685718.0,738806.0,834969.0,928175.0,1056622.0,1098188.0,999523.0,871842.0,705333.0,618157.0,578706.0,541653.0,
RUS,"Enrolment in tertiary education, all programmes, both sexes (number)",5212600.0,5277900.0,5308700.0,5356500.0,5403300.0,5470900.0,5550000.0,5638000.0,5691700.0,5714200.0,5713800.0,5687300.0,5654400.0,5616500.0,5568500.0,5535200.0,5444400.0,5372000.0,5275500.0,5203500.0,5199300.0,5094500.0,4964700.0,4727900.0,4606600.0,4515300.0,4714000.0,4940700.0,5259400.0,5751539.0,6331324.0,7167618.0,7965217.0,8592271.0,8605952.0,9003208.0,9167277.0,9370428.0,9446408.0,9330115.0,,8652607.0,7983111.0,7528163.0,6995732.0,6592416.0,
RWA,"Enrolment in tertiary education, all programmes, both sexes (number)",,571.0,,751.0,740.0,1023.0,1108.0,1117.0,1134.0,1217.0,1266.0,1243.0,,,1705.0,1880.0,1987.0,2029.0,2267.0,2642.0,3389.0,,,,,,,,,5678.0,9357.0,12802.0,15940.0,20393.0,25233.0,27787.0,37149.0,41013.0,45128.0,55213.0,62734.0,73674.0,71638.0,77120.0,77512.0,80335.0,81983.0
SAS,"Enrolment in tertiary education, all programmes, both sexes (number)",2618097.25,2760188.0,2910750.75,3068791.75,3223469.25,3307532.25,3380339.0,3385440.25,3534725.0,3696981.0,3785515.0,4078999.0,4028910.5,4644393.0,5018647.0,5116405.0,5367008.5,5659118.5,5140353.5,5404458.0,5709786.5,5882561.5,5858595.0,5892799.5,5923718.0,5965145.0,6803017.5,7233734.5,8352505.0,9534534.0,10757382.0,11381357.0,12150384.0,12931246.0,13588342.0,13928847.0,15219501.0,17529640.0,20098528.0,21954234.0,24678302.0,30969214.0,33283530.0,33133510.0,33412020.0,,
SAU,"Enrolment in tertiary education, all programmes, both sexes (number)",,8492.0,9471.0,11337.0,14882.0,19773.0,26437.0,32729.0,43897.0,47242.0,52610.0,62074.0,70657.0,82132.0,87821.0,102983.0,113529.0,116208.0,,123848.0,139790.0,153967.0,163688.0,192625.0,201090.0,233710.0,251945.0,273992.0,296927.0,371522.0,404094.0,432348.0,444800.0,525344.0,573803.0,603771.0,636445.0,674412.0,714877.0,757770.0,903567.0,1021288.0,1206007.0,1356602.0,1496730.0,1527769.0,
SDN,"Enrolment in tertiary education, all programmes, both sexes (number)",,,,,,,,,,,,,,,,,,,,,,,,,,,,,,172269.0,182012.0,231666.0,268410.0,255877.0,317364.0,363953.0,420369.0,420369.0,475787.0,498151.0,522774.0,525853.0,551198.0,640224.0,632377.0,,
SEN,"Enrolment in tertiary education, all programmes, both sexes (number)",,4962.0,5606.0,,,,,8981.0,9454.0,,12373.0,13626.0,12668.0,13605.0,11980.0,12679.0,13354.0,,,,,,21562.0,,,,,26616.0,,29303.0,,,,,52282.0,59127.0,62539.0,71211.0,91359.0,94371.0,92106.0,123683.0,127394.0,133587.0,141151.0,144827.0,
SGP,"Enrolment in tertiary education, all programmes, both sexes (number)",13771.0,13983.0,15598.0,16831.0,18195.0,22607.0,22969.0,24053.0,24114.0,21022.0,23256.0,25705.0,30966.0,35192.0,35943.0,39913.0,42317.0,44976.0,46990.0,50743.0,55672.0,60225.0,65359.0,72826.0,75985.0,83914.0,92140.0,,,,,,,,,,,,183627.0,198634.0,213446.0,236891.0,243546.0,255348.0,,,
SLB,"Enrolment in tertiary education, all programmes, both sexes (number)",,,,,,,,,,,,,,,,,,,,,,,,,,,,,,,,,,,,,,,,,,,,,,,
SLE,"Enrolment in tertiary education, all programmes, both sexes (number)",,1155.0,1266.0,1370.0,1476.0,1646.0,1642.0,1602.0,1594.0,,,2166.0,,,1996.0,2076.0,5690.0,,5488.0,5202.0,5060.0,4742.0,,,,,,,,,6744.0,8913.0,9041.0,,,,,,,,,,,,,,
SLV,"Enrolment in tertiary education, all programmes, both sexes (number)",9515.0,12945.0,,20034.0,26069.0,28281.0,,30764.0,32058.0,,,,46976.0,57374.0,63306.0,70499.0,74024.0,,77120.0,80818.0,78211.0,86114.0,,95451.0,106795.0,114998.0,112004.0,,117626.0,118491.0,114675.0,109946.0,113366.0,116521.0,120264.0,122431.0,124956.0,132246.0,138615.0,143849.0,150012.0,160374.0,169860.0,176063.0,176293.0,179396.0,
SMR,"Enrolment in tertiary education, all programmes, both sexes (number)",,,,,,,,,,,,,,,,,,,,,,,,,,,,,,,942.0,,,,,,,,929.0,,937.0,931.0,872.0,,,,
SOM,"Enrolment in tertiary education, all programmes, both sexes (number)",,964.0,958.0,,,1560.0,2040.0,,,,,,,,,,,15672.0,,,,,,,,,,,,,,,,,,,,,,,,,,,,,
SRB,"Enrolment in tertiary education, all programmes, both sexes (number)",,,,,,,,,,,,,,,,,,,,,,,,,,,,,,,,194198.0,182941.0,202799.0,209674.0,224873.0,235686.0,238710.0,237598.0,235940.0,226772.0,228531.0,231661.0,238945.0,242848.0,241054.0,
SSA,"Enrolment in tertiary education, all programmes, both sexes (number)",384356.53125,393675.84375,412000.75,432043.1875,465060.28125,495317.90625,528379.6875,571789.125,623732.25,689003.25,744248.0,815069.625,884114.5625,931278.375,985206.8125,1066833.375,1148796.125,1201814.25,1298902.25,1406783.875,1476531.625,1574099.125,1672248.625,1817562.625,1951726.625,2050355.75,2150578.25,2254317.25,2338814.5,2443928.25,2739233.75,3062578.25,3384863.75,3745855.75,4035892.0,4386867.0,4694699.0,4993809.5,5432226.0,5935846.5,6460740.0,6778925.0,7168285.5,7541604.5,7795439.5,,
SSF,"Enrolment in tertiary education, all programmes, both sexes (number)",384356.53125,393675.84375,412000.75,432043.1875,465060.28125,495317.90625,528379.6875,571789.125,623732.25,689003.25,744248.0,815069.625,884114.5625,931278.375,985206.8125,1066833.375,1148796.125,1201814.25,1298902.25,1406783.875,1476531.625,1574099.125,1672248.625,1817562.625,1951726.625,2050355.75,2150578.25,2254317.25,2338814.5,2443928.25,2739233.75,3062578.25,3384863.75,3745855.75,4035892.0,4386867.0,4694699.0,4993809.5,5432226.0,5935846.5,6460740.0,6779114.0,7168385.5,7541842.5,7795920.5,,
STP,"Enrolment in tertiary education, all programmes, both sexes (number)",,,,,,,,,,,,,,,,,,,,,,,,,,,,,,,,,,,,,,,,704.0,766.0,,1421.0,,1680.0,2336.0,
SUR,"Enrolment in tertiary education, all programmes, both sexes (number)",,,,,,,,,,,,2378.0,2684.0,2987.0,3002.0,2914.0,2751.0,3402.0,3665.0,4009.0,4319.0,,,,,,,,,,,,5186.0,,,,,,,,,,,,,,
SVK,"Enrolment in tertiary education, all programmes, both sexes (number)",,,,,,,,,,,,,,,,,,,,,,,,66002.0,72726.0,82223.0,91553.0,101764.0,112837.0,122886.0,135914.0,143909.0,152182.0,158089.0,164667.0,181419.0,197943.0,217952.0,229477.0,234997.0,234526.0,226305.0,221227.0,209543.0,197854.0,,
SVN,"Enrolment in tertiary education, all programmes, both sexes (number)",,,,,,,,,,,,27707.0,26207.0,26197.0,27403.0,27691.0,29601.0,30985.0,30981.0,31055.0,34228.0,33565.0,38388.0,39264.0,42054.0,43249.0,47908.0,53483.0,68126.0,79126.0,83816.0,91494.0,99214.0,101458.0,104396.0,112228.0,114794.0,115944.0,115445.0,114391.0,114873.0,107134.0,104003.0,97706.0,90622.0,,
SWE,"Enrolment in tertiary education, all programmes, both sexes (number)",,141218.0,141367.0,133168.0,131614.0,128879.0,162640.0,171181.0,190105.0,198798.0,200999.0,171356.0,176115.0,181103.0,184199.0,179478.0,176589.0,175588.0,178423.0,181146.0,184812.0,192611.0,207265.0,222826.0,234466.0,245932.0,261209.0,275217.0,280712.0,335124.0,346878.0,358020.0,382851.0,414657.0,429623.0,426723.0,422614.0,413710.0,406879.0,422580.0,455025.0,463530.0,453328.0,436603.0,429444.0,428557.0,
SWZ,"Enrolment in tertiary education, all programmes, both sexes (number)",207.0,266.0,286.0,297.0,584.0,1012.0,1023.0,1295.0,,1399.0,1875.0,1699.0,,,2889.0,2732.0,2555.0,2511.0,3162.0,,3198.0,3224.0,3023.0,4183.0,,,5658.0,,,4880.0,4738.0,,5193.0,,6594.0,5897.0,5692.0,,,,,8904.0,,8057.0,,,
SYC,"Enrolment in tertiary education, all programmes, both sexes (number)",,,,,,,,,,,,,,,,,,,,,,,,,,,,,,,,,,,,,,,,,,189.0,100.0,238.0,478.0,1035.0,
SYR,"Enrolment in tertiary education, all programmes, both sexes (number)",,42667.0,53029.0,53702.0,59259.0,67472.0,73660.0,90713.0,102735.0,116278.0,115402.0,140180.0,145496.0,149471.0,156004.0,170413.0,179473.0,182933.0,205866.0,203332.0,214173.0,221628.0,219587.0,228197.0,216211.0,215734.0,,,,,,,228267.0,244890.0,289925.0,360736.0,425636.0,472925.0,520901.0,533339.0,573930.0,565610.0,652204.0,659823.0,791775.0,772877.0,
TCA,"Enrolment in tertiary education, all programmes, both sexes (number)",,,,,,,,,,,,,,,,,,,,,,,,,,,,,,,,,,,,,,,2.0,,5.0,,,,,286.0,
TCD,"Enrolment in tertiary education, all programmes, both sexes (number)",,0.0,46.0,243.0,605.0,419.0,547.0,758.0,,,,,,,,1643.0,,,,2983.0,,,,,,,3446.0,3798.0,4799.0,,5901.0,6106.0,,7397.0,10081.0,12373.0,,,18990.0,20394.0,22130.0,24349.0,,,42463.0,,
TGO,"Enrolment in tertiary education, all programmes, both sexes (number)",,886.0,1412.0,1469.0,1471.0,1619.0,2353.0,2777.0,3151.0,3163.0,3638.0,4750.0,4307.0,4034.0,4234.0,,,6223.0,7088.0,7456.0,7826.0,8969.0,10224.0,8925.0,9320.0,11173.0,11639.0,,14322.0,,,,,,,,28076.0,32502.0,,,55959.0,63496.0,65617.0,69027.0,66525.0,71154.0,
THA,"Enrolment in tertiary education, all programmes, both sexes (number)",,90300.0,100000.0,105000.0,110394.0,136263.0,130965.0,175438.0,216876.0,375242.0,472995.0,361400.0,911166.0,1056809.0,1120084.0,1073520.0,1026952.0,,884237.0,,952012.0,,,1156174.0,,1184309.0,1220481.0,1332767.0,1522142.0,1814096.0,1900272.0,2095694.0,2155334.0,2205581.0,2251453.0,2359127.0,2338572.0,2503572.0,2430047.0,2417262.0,2426577.0,2497323.0,2430471.0,2405109.0,2433140.0,2235450.0,
TJK,"Enrolment in tertiary education, all programmes, both sexes (number)",,,,,,,,,,,,96900.0,,,,,95247.0,,98700.0,100700.0,107280.0,109653.0,110064.0,109016.0,107402.0,108203.0,,,,95675.0,103142.0,103875.0,108996.0,122591.0,137438.0,148879.0,165139.0,179713.0,189427.0,191589.0,195697.0,191198.0,194137.0,194685.0,209170.0,224764.0,247092.0
TLS,"Enrolment in tertiary education, all programmes, both sexes (number)",,,,,,,,,,,,,,,,,,,,,,,,,,,,,,,,,6349.0,,,,,,,16727.0,18553.0,,,,,,
TON,"Enrolment in tertiary education, all programmes, both sexes (number)",0.0,,,,,,,,195.0,173.0,,693.0,,,680.0,705.0,,,,,,,,,,,,,,364.0,526.0,453.0,600.0,668.0,,,,,,,,,,,,,
TTO,"Enrolment in tertiary education, all programmes, both sexes (number)",,2375.0,2600.0,2706.0,2829.0,2962.0,4940.0,5111.0,5208.0,5091.0,5637.0,5649.0,5754.0,5202.0,4955.0,5653.0,6582.0,6546.0,6303.0,7161.0,,7249.0,7513.0,8170.0,,,,,,7572.0,7737.0,8614.0,12036.0,12316.0,16751.0,,,,,,,,,,,,
TUN,"Enrolment in tertiary education, all programmes, both sexes (number)",,10347.0,11069.0,10905.0,12353.0,14013.0,20505.0,23137.0,26781.0,28917.0,30150.0,31827.0,32832.0,34077.0,35426.0,38829.0,41594.0,40830.0,43797.0,54466.0,62658.0,68535.0,76097.0,87780.0,96101.0,102682.0,112634.0,121787.0,137024.0,155120.0,180044.0,207388.0,226632.0,272316.0,302313.0,327034.0,339363.0,344500.0,356851.0,369064.0,370058.0,361930.0,357392.0,337393.0,331802.0,322625.0,
TUR,"Enrolment in tertiary education, all programmes, both sexes (number)",,169793.0,169672.0,172075.0,185285.0,263990.0,327082.0,360243.0,359792.0,339510.0,279779.0,246183.0,254446.0,281929.0,335080.0,417225.0,469992.0,505091.0,534459.0,594662.0,685500.0,749921.0,810781.0,923719.0,1143083.0,1174299.0,,1434033.0,1409627.0,1464740.0,,1607388.0,1677936.0,1918483.0,1972662.0,2106351.0,2342898.0,2453664.0,2532622.0,2924281.0,3529334.0,3817086.0,4353542.0,4975690.0,5472521.0,6062886.0,
TUV,"Enrolment in tertiary education, all programmes, both sexes (number)",,,,,,,,,,,,,,,,,,,,,,,,,,,,,,,,,,,,,,,,,,,,,,,
TZA,"Enrolment in tertiary education, all programmes, both sexes (number)",2027.0,2220.0,2683.0,3000.0,3424.0,3064.0,3096.0,2534.0,4892.0,4031.0,,,4389.0,4540.0,4770.0,4863.0,4987.0,6071.0,,5254.0,,7468.0,7981.0,9350.0,10457.0,12776.0,14882.0,17812.0,15928.0,18867.0,20740.0,21960.0,23603.0,31049.0,42948.0,51554.0,,55134.0,,,85113.0,,166014.0,158262.0,,,
UGA,"Enrolment in tertiary education, all programmes, both sexes (number)",4232.0,4463.0,5330.0,,5618.0,5474.0,5148.0,6312.0,6822.0,6192.0,5856.0,6563.0,7312.0,,,10103.0,11037.0,12531.0,14194.0,14806.0,17578.0,21281.0,21489.0,24122.0,27586.0,30266.0,34773.0,,,40591.0,55767.0,62586.0,79958.0,88330.0,88360.0,,92605.0,,107728.0,123887.0,120646.0,140087.0,124561.0,,165396.0,,
UKR,"Enrolment in tertiary education, all programmes, both sexes (number)",,1604500.0,,,,,1570100.0,,,,,1683500.0,1678100.0,1680300.0,1684800.0,1689600.0,1662000.0,,1652900.0,1646400.0,1665400.0,1638300.0,1615400.0,1530200.0,1460600.0,1533000.0,1541000.0,,1656989.0,1736999.0,1811538.0,1950755.0,2134676.0,2296221.0,2465074.0,2604875.0,2740342.0,2819248.0,2847713.0,2798693.0,2635004.0,2566279.0,2390989.0,2205595.0,2146028.0,1776190.0,
UMC,"Enrolment in tertiary education, all programmes, both sexes (number)",8832632.0,9286752.0,9747747.0,10262844.0,10974867.0,11839867.0,12376087.0,12841971.0,13275049.0,14021384.0,14585219.0,15407256.0,16369246.0,16955744.0,18345630.0,19347952.0,19647022.0,20095680.0,20365662.0,20592652.0,20926558.0,21323536.0,21326206.0,21497772.0,22722578.0,24612280.0,25332104.0,27428920.0,28519744.0,30623270.0,33452602.0,37844868.0,42837624.0,48276652.0,52649368.0,57172012.0,62151176.0,66522552.0,70485328.0,74122768.0,77399272.0,78658048.0,80630664.0,82801624.0,91350544.0,93062144.0,
URY,"Enrolment in tertiary education, all programmes, both sexes (number)",,,,,26280.0,32627.0,,39392.0,,38116.0,36298.0,40677.0,53417.0,57302.0,,,,,,69428.0,71612.0,73660.0,68227.0,,,,79691.0,,94219.0,91175.0,91175.0,96757.0,98420.0,101198.0,103331.0,110684.0,113368.0,158841.0,162968.0,161459.0,163156.0,,,145264.0,148435.0,145787.0,
USA,"Enrolment in tertiary education, all programmes, both sexes (number)",,8498117.0,8948645.0,9297787.0,9602123.0,10223729.0,11184859.0,11012137.0,11285787.0,11260092.0,11569899.0,12096895.0,12371672.0,12425780.0,12464661.0,12241940.0,12247055.0,12503511.0,12766000.0,13055000.0,13538000.0,13710150.0,14360965.0,14486304.0,14305352.0,14278799.0,14261778.0,,13284002.0,13769362.0,13202880.0,13595580.0,15927987.0,16611711.0,16900472.0,17272044.0,17487476.0,17758870.0,18248124.0,19102814.0,20427708.0,21016126.0,20994112.0,19972624.0,19700220.0,19531728.0,
UZB,"Enrolment in tertiary education, all programmes, both sexes (number)",,,,,,,,,,,,,,,,,285500.0,,300300.0,308900.0,331600.0,340900.0,337400.0,,,,,,,295859.0,305409.0,323211.0,344604.0,359708.0,376904.0,265957.0,280837.0,288550.0,299010.0,300782.0,289208.0,277437.0,255932.0,259592.0,260453.0,262368.0,265679.0
VCT,"Enrolment in tertiary education, all programmes, both sexes (number)",,,,,,,,,,309.0,259.0,,,,,,736.0,795.0,,,677.0,,,,,,,,,,,,,,,,,,,,,,,,,,
VEN,"Enrolment in tertiary education, all programmes, both sexes (number)",,100767.0,122577.0,143171.0,161054.0,187688.0,213542.0,,265671.0,282074.0,299773.0,307133.0,331115.0,349773.0,377287.0,381575.0,443064.0,441734.0,467371.0,500295.0,528857.0,550030.0,550783.0,,,,,,,,668109.0,,927835.0,983217.0,1049780.0,,,,2109331.0,2123041.0,,,,,,,
VIR,"Enrolment in tertiary education, all programmes, both sexes (number)",,1445.0,1644.0,1776.0,1698.0,1918.0,2069.0,2122.0,2119.0,2120.0,1990.0,2148.0,2608.0,2744.0,,,2602.0,2545.0,,,,2466.0,2700.0,2924.0,,,,,,,,,,,,,,2488.0,,,,,,,,,
VNM,"Enrolment in tertiary education, all programmes, both sexes (number)",,,,,,,80323.0,100027.0,122215.0,136627.0,133558.0,114701.0,,,,,121159.0,,,175856.0,185788.0,129600.0,106900.0,136800.0,157100.0,203300.0,297900.0,509300.0,726302.0,810072.0,732187.0,749253.0,784675.0,829459.0,,1354543.0,1427046.0,1587609.0,1654846.0,1774321.0,2020413.0,2229494.0,2261204.0,2250030.0,2692124.0,2466643.0,
VUT,"Enrolment in tertiary education, all programmes, both sexes (number)",,,,,,,,,,,,,,,,,,,,,,,,,,,,,,643.0,656.0,675.0,895.0,914.0,955.0,,,,,,,,,,,,
WLD,"Enrolment in tertiary education, all programmes, both sexes (number)",32985200.0,33845156.0,35613220.0,37318712.0,39182280.0,41537384.0,44033492.0,45101796.0,46951244.0,48364468.0,50083656.0,52456408.0,54372544.0,56510464.0,59353824.0,60928916.0,61842860.0,63534268.0,64176316.0,65887972.0,67904552.0,69683080.0,71404000.0,73708504.0,76694992.0,79976512.0,82817824.0,86790360.0,88990680.0,94833104.0,99718336.0,106713888.0,116801632.0,125312912.0,132433952.0,139271328.0,146924896.0,155276992.0,164139360.0,172163056.0,181424688.0,191053856.0,196920288.0,198961536.0,210729968.0,212670016.0,
WSM,"Enrolment in tertiary education, all programmes, both sexes (number)",114.0,129.0,,228.0,,249.0,,405.0,425.0,,,644.0,,562.0,,,,,,,,,,,,,,,1482.0,1871.0,1182.0,,,,,,,,,,,,,,,,
YEM,"Enrolment in tertiary education, all programmes, both sexes (number)",,,,,,,,,,,,,,,,,,,,,,,53082.0,,,,,65675.0,,164166.0,,,193426.0,193290.0,192071.0,199813.0,200853.0,236972.0,251187.0,274827.0,272130.0,267498.0,,,,,
ZAF,"Enrolment in tertiary education, all programmes, both sexes (number)",82697.0,,,98577.0,,,,,,,,,,,,,,,378731.0,421152.0,439007.0,467129.0,490112.0,552948.0,617897.0,,,,,,,,,,,,,,,,,,1005721.0,1035594.0,1018543.0,,
ZMB,"Enrolment in tertiary education, all programmes, both sexes (number)",1433.0,,,,4681.0,8403.0,8783.0,7053.0,7308.0,7340.0,,7541.0,8062.0,8781.0,8768.0,,14492.0,13066.0,14861.0,14465.0,15343.0,,,,,,,,22701.0,23155.0,,,,,,,,,,,,55759.0,56680.0,,,,
ZWE,"Enrolment in tertiary education, all programmes, both sexes (number)",,6878.0,7210.0,7850.0,7819.0,8479.0,8994.0,8618.0,8607.0,8397.0,8339.0,12226.0,14926.0,10101.0,11865.0,14246.0,17915.0,,,55047.0,49361.0,52051.0,61553.0,,,,,,,,,,,,,,,,,,94611.0,93285.0,94012.0,94115.0,,135575.0,
